,code,name,ss,trade,vwap
0,1,CHEUNG KONG      HKD ,5158692,589914908,114.35358187695641
1,2,CLP HOLDINGS     HKD  ,2270511,153595571,67.648018882093055
2,3,HK &amp; CHINA GAS   HKD  ,4439215,99592124,22.434625040688498
3,4,WHARF HOLDINGS   HKD  ,13029132,880155845,67.552914883355243
4,5,HSBC HOLDINGS    HKD  ,10260031,850204976,82.86573169223368
5,6,POWER ASSETS     HKD  ,1275972,91699362,71.866280764781678
6,7,HOIFU ENERGY     HKD   ,1796000,2079140,1.1576503340757238
7,8,PCCW             HKD   ,4800954,17215984,3.5859506256464861
8,9,CHEUNG WO IHL    HKD   ,5658000,3591600,0.63478260869565217
9,10,HANG LUNG GROUP  HKD  ,531004,23658503,44.554283960196159
10,11,HANG SENG BANK   HKD ,729553,90926991,124.6338388026641
11,12,HENDERSON LAND   HKD  ,8487828,453018495,53.372723269133161
12,13,HUTCHISON        HKD  ,8152154,666792231,81.793380129963197
13,14,HYSAN DEV        HKD  ,1687268,65046193,38.551192223167867
14,15,VANTAGE INT'L    HKD   ,912000,595740,0.65322368421052635
15,16,SHK PPT          HKD ,10388515,1105592192,106.42446894479144
16,17,NEW WORLD DEV    HKD  ,8028880,105331611,13.119091454847998
17,18,ORIENTAL PRESS   HKD   ,887200,812156,0.91541478809738508
18,19,SWIRE PACIFIC A  HKD  ,1269000,124761768,98.315026004728139
19,20,WHEELOCK         HKD  ,2844800,115635520,40.648031496062991
20,21,GREAT CHI PPT    HKD   ,150000,60000,0.40000000000000002
21,22,MEXAN            HKD   ,200000,28800,0.14399999999999999
22,23,BANK OF E ASIA   HKD  ,1258333,38838098,30.864721818469356
23,24,BURWILL          HKD   ,318000,39972,0.12569811320754717
24,25,CHEVALIER INT'L  HKD  ,43688,577839,13.22649240065922
25,26,CHINA MOTOR BUS  HKD  ,2000,143200,71.599999999999994
26,27,GALAXY ENT       HKD  ,12873063,423504030,32.898466355676192
27,28,TIAN AN          HKD   ,41000,204430,4.98609756097561
28,29,DYNAMIC HOLD     HKD   ,50000,126240,2.5247999999999999
29,30,ABC COM (HOLD)   HKD   ,14142000,3773170,0.26680596803846696
30,31,CHINA AEROSPACE  HKD   ,3437920,2653897,0.77194844557174103
31,32,CROSS-HAR(HOLD)  HKD   ,127000,835490,6.5786614173228344
32,33,HARMONIC STR     HKD   ,60716000,4340278,0.071484913367151987
33,34,KOWLOON DEV      HKD  ,693201,7247658,10.455348448718338
34,35,FE CONSORT INTL  HKD   ,1685848,4264141,2.5293745343589693
35,36,FE HLDGS INTL    HKD   ,1126911,309170,0.27435174561256392
36,37,FE HOTELS        HKD   ,978000,178170,0.18217791411042944
37,38,FIRST TRACTOR    HKD   ,480000,3444920,7.1769166666666671
38,39,SINO DISTILL     HKD   ,804000,515460,0.64111940298507464
39,40,GOLD PEAK        HKD   ,119000,104620,0.87915966386554623
40,41,GREAT EAGLE H    HKD  ,917365,29069996,31.688581971189222
41,42,NE ELECTRIC      HKD   ,1030000,1118120,1.0855533980582524
42,43,C.P. POKPHAND    HKD   ,1706000,1471060,0.86228604923798358
43,44,HAECO            HKD ,18800,2081960,110.74255319148936
44,45,HK&amp;S HOTELS      HKD  ,442500,5969500,13.490395480225988
45,46,COMPUTER &amp; TECH  HKD   ,310000,554200,1.7877419354838711
46,47,HOP HING GROUP   HKD   ,6732000,2338880,0.34742721330956627
47,50,HK FERRY (HOLD)  HKD   ,58000,496190,8.5549999999999997
48,51,HARBOUR CENTRE   HKD  ,97000,1537300,15.848453608247423
49,52,FAIRWOOD HOLD    HKD  ,53000,889910,16.790754716981134
50,53,GUOCO GROUP      HKD  ,81190,7664355,94.400234018967851
51,54,HOPEWELL HOLD    HKD  ,1205300,38052045,31.57060068032855
52,55,NEWAY GROUP      HKD   ,24940000,404250,0.016208901363271851
53,56,ALLIED PPT (HK)  HKD   ,346000,406800,1.1757225433526011
54,57,CHEN HSONG HOLD  HKD   ,68000,176060,2.5891176470588237
55,59,SKYFAME REALTY   HKD   ,2000,1160,0.57999999999999996
56,60,HK FOOD INV      HKD   ,14000,11060,0.79000000000000004
57,61,NORTH ASIA RES   HKD   ,971000,339030,0.34915550978372811
58,62,TRANSPORT INT'L  HKD  ,36000,632232,17.562000000000001
59,64,GET NICE         HKD   ,850000,303150,0.35664705882352943
60,65,DETEAM CO LTD    HKD   ,3053536,2689160,0.88067080263668085
61,66,MTR CORPORATION  HKD  ,1990320,61911223,31.106165340246793
62,67,LUMENA NEWMAT    HKD   ,15908000,27010920,1.6979456877042998
63,69,SHANGRI-LA ASIA  HKD  ,7505968,116618293,15.536742629331753
64,70,NEPTUNE GROUP    HKD   ,7170000,1107690,0.15448953974895396
65,71,MIRAMAR HOTEL    HKD  ,54000,611060,11.315925925925926
66,72,MODERN MEDIA     HKD   ,14000,33500,2.3928571428571428
67,73,ASIAN CITRUS     HKD   ,1453428,6028653,4.1478855505742285
68,74,GREAT WALL TECH  HKD   ,372000,534640,1.4372043010752689
69,75,Y.T. REALTY      HKD   ,4000,9920,2.48
70,76,SOUTH SEA PETRO  HKD   ,49916600,3944075,0.079013294174683377
71,77,AMS TRANSPORT    HKD   ,20000,30400,1.52
72,78,REGAL INT'L      HKD   ,622651,2338755,3.756125020276206
73,79,CENTURY LEGEND   HKD   ,360000,108000,0.29999999999999999
74,80,CNEWECON FUND    HKD   ,10100000,5858000,0.57999999999999996
75,81,CH OVS G OCEANS  HKD  ,3094396,31740593,10.257443779012124
76,82,VODONE           HKD   ,5636400,3237284,0.57435313320559223
77,83,SINO LAND        HKD  ,3593854,47264137,13.151379271389434
78,84,STELUX HOLDINGS  HKD   ,804784,2319884,2.8826169506352013
79,85,CHINA ELECTRON   HKD   ,338000,328680,0.97242603550295859
80,86,SUN HUNG KAI CO  HKD   ,1017000,5455440,5.3642477876106192
81,87,SWIRE PACIFIC B  HKD  ,246038,4601057,18.700595030036009
82,88,TAI CHEUNG HOLD  HKD   ,148000,910400,6.1513513513513516
83,89,TAI SANG LAND    HKD   ,100000,378500,3.7850000000000001
84,90,AMBER ENERGY     HKD   ,52000,42120,0.81000000000000005
85,91,NEWSMART ENERGY  HKD   ,15750000,1115650,0.07083492063492064
86,92,CHAMPION TECH    HKD   ,506087,59701,0.11796588333626432
87,93,TERMBRAY IND     HKD   ,112000,115740,1.0333928571428572
88,94,GREENHEART GP    HKD   ,624000,417160,0.66852564102564105
89,97,HENDERSON INV    HKD   ,1847000,1126050,0.60966432051976183
90,98,XINGFA ALUM      HKD   ,7000,11410,1.6299999999999999
91,99,WONG'S INT'L     HKD   ,179000,452400,2.5273743016759775
92,100,CLEAR MEDIA      HKD   ,551000,2946220,5.3470417422867511
93,101,HANG LUNG PPT    HKD  ,6861853,198423623,28.916915445434345
94,102,SUMMIT ASCENT    HKD   ,1581472,6765008,4.2776653649258414
95,103,SHOUGANG CENT    HKD   ,198000,58100,0.29343434343434344
96,104,ASIA COMM HOLD   HKD   ,305000,70150,0.23000000000000001
97,106,SHENZHEN HI-TEC  HKD   ,2204000,874980,0.39699637023593465
98,107,SICHUAN EXPRESS  HKD   ,2654000,6709580,2.5281009796533533
99,110,CHINA FORTUNE    HKD   ,1274000,331540,0.26023547880690739
100,111,CINDA INTL HLDG  HKD   ,262000,253380,0.96709923664122133
101,112,CHI CHEUNG       HKD   ,100000,284860,2.8485999999999998
102,113,DICKSON CONCEPT  HKD   ,18500,81225,4.3905405405405409
103,116,CHOW SANG SANG   HKD  ,703258,16179494,23.006484106828506
104,118,COSMOS MACH      HKD   ,112000,53940,0.48160714285714284
105,119,POLY PROPERTY    HKD   ,21992000,109160405,4.9636415514732626
106,120,COSMOPOL INT'L   HKD   ,560000,28000,0.050000000000000003
107,121,C.P. LOTUS       HKD   ,1080000,251840,0.23318518518518519
108,122,CROCODILE        HKD   ,683000,312500,0.45754026354319183
109,123,YUEXIU PROPERTY  HKD   ,19708248,44428720,2.254321134988762
110,124,KINGWAY BREW     HKD   ,2084000,6495060,3.1166314779270632
111,126,TAK SING ALLI    HKD   ,1138000,1350800,1.1869947275922672
112,127,CHINESE EST H    HKD  ,242714,3014573,12.420268299315243
113,128,ENM HOLDINGS     HKD   ,568000,253700,0.44665492957746478
114,129,ASIA STANDARD    HKD   ,382000,554480,1.4515183246073298
115,130,MOISELLE INT'L   HKD   ,84000,136500,1.625
116,131,CHEUK NANG HOLD  HKD   ,104000,618200,5.944230769230769
117,132,CHINA INV HOLD   HKD   ,247000,63150,0.25566801619433199
118,133,CHINA MERCHANTS  HKD  ,286000,3575440,12.501538461538461
119,135,KUNLUN ENERGY    HKD  ,13562000,225661688,16.639263235510988
120,136,MASCOTTE HOLD    HKD   ,15388000,1561748,0.10149129191577853
121,137,JINHUI HOLDINGS  HKD   ,202000,340540,1.6858415841584158
122,138,CCT TELECOM      HKD   ,27500,20750,0.75454545454545452
123,141,GREAT CHINA      HKD   ,152000,240220,1.5803947368421052
124,142,FIRST PACIFIC    HKD  ,6447222,67829528,10.520737148495895
125,143,GLOBAL TECH      HKD   ,606000,32010,0.05282178217821782
126,144,CHINA MER HOLD   HKD  ,1946746,51567930,26.489295470492813
127,145,HK BLDG &amp; LOAN   HKD   ,24000,5520,0.23000000000000001
128,147,CHAOYUE GROUP    HKD   ,225000,73100,0.32488888888888889
129,148,KINGBOARD CHEM   HKD  ,1915500,42648675,22.265035238841033
130,149,CH AGRI-PROD EX  HKD   ,49131000,13454955,0.27385876534163767
131,151,WANT WANT CHINA  HKD  ,15530911,184411323,11.873825237940002
132,152,SHENZHEN INT'L   HKD   ,38277500,36041162,0.94157565149239109
133,154,BEIJING DEV(HK)  HKD   ,3503000,6803000,1.9420496717099629
134,155,CHINA SOLAR      HKD   ,8430000,211020,0.025032028469750889
135,156,LIPPO CHINA RES  HKD   ,2380000,529360,0.22242016806722689
136,157,NATURAL BEAUTY   HKD   ,70000,47900,0.68428571428571427
137,159,BROCKMAN MINING  HKD   ,101000,48450,0.47970297029702968
138,160,HON KWOK LAND    HKD   ,58600,191860,3.2740614334470988
139,161,AVIC IHL         HKD   ,84000,235080,2.7985714285714285
140,162,CENTURY GINWA    HKD   ,9418250,18455417,1.9595378122262628
141,163,EMPEROR IHL      HKD   ,1259905,2711974,2.152522610831769
142,164,CHINA GAMMA      HKD   ,6025000,700150,0.11620746887966805
143,165,CHINA EB LTD     HKD  ,3264000,41911960,12.840674019607842
144,166,NEWTIMES ENERGY  HKD   ,1647100,1297375,0.78767227247890226
145,168,TSINGTAO BREW    HKD  ,989300,47284075,47.795486707773172
146,171,SILVER GRANT     HKD   ,100000,130180,1.3018000000000001
147,172,GOLDBOND GROUP   HKD   ,470000,132650,0.28223404255319151
148,173,K. WAH INT'L     HKD   ,9378535,39703269,4.2334190787793613
149,174,GEMINI INV       HKD   ,110605,135107,1.2215270557388906
150,175,GEELY AUTO       HKD   ,69031587,269801627,3.9083793191658769
151,176,UNITED PACIFIC   HKD   ,18118682,7087099,0.39114870496650916
152,177,JIANGSU EXPRESS  HKD   ,4928000,37717613,7.6537364042207789
153,178,SA SA INT'L      HKD   ,3786000,28545350,7.5397120972002112
154,179,JOHNSON ELEC H   HKD   ,6697000,38907492,5.8096897118112585
155,180,KADER HOLDINGS   HKD   ,98000,48380,0.49367346938775508
156,182,CHINA WINDPOWER  HKD   ,7950000,2303100,0.28969811320754718
157,183,RICHFIELD GP     HKD   ,6096000,1893760,0.31065616797900264
158,184,KECK SENG INV    HKD   ,376000,1485020,3.9495212765957448
159,185,XPRESS GROUP     HKD   ,2142000,841100,0.3926704014939309
160,187,BEIREN PRINTING  HKD   ,1124000,3049560,2.7131316725978647
161,188,SUNWAH KINGSWAY  HKD   ,610000,109800,0.17999999999999999
162,189,DONGYUE GROUP    HKD   ,10188000,47285760,4.6413191990577154
163,190,HKC (HOLDINGS)   HKD   ,141105971,34134020,0.24190344149221013
164,191,LAI SUN INT'L    HKD   ,71000,114720,1.6157746478873238
165,193,CAPITAL ESTATE   HKD   ,55000,9350,0.17000000000000001
166,194,LIU CHONG HING   HKD  ,96000,1085640,11.30875
167,195,L'SEA RESOURCES  HKD   ,6240000,2327300,0.37296474358974357
168,196,HONGHUA GROUP    HKD   ,16677000,65870090,3.9497565509384183
169,197,HENG TAI         HKD   ,3978541,668809,0.16810408639750099
170,198,SMI CORP         HKD   ,4000625,680104,0.16999943758787689
171,199,ITC PPT-1000     HKD   ,225080,741205,3.2930735738404122
172,200,MELCO INT'L DEV  HKD  ,8911050,122649295,13.76373098568631
173,201,MAGNIFICENT      HKD   ,1826050,831832,0.45553626680539966
174,202,INTERCHINA HOLD  HKD   ,1260000,518550,0.41154761904761905
175,206,TSC GROUP        HKD   ,3762000,8619350,2.2911616161616162
176,207,HK PARKVIEW      HKD   ,496000,1746160,3.520483870967742
177,208,POLYTEC ASSET    HKD   ,3915000,3909150,0.9985057471264368
178,210,DAPHNE INT'L     HKD   ,702000,6882220,9.8037321937321931
179,211,STYLAND HOLD     HKD   ,7890000,942050,0.1193979721166033
180,212,NANYANG HOLD     HKD  ,1500,47250,31.5
181,213,NATIONAL ELEC H  HKD   ,65750,69467,1.0565323193916349
182,215,HUTCHTEL HK      HKD   ,3130000,12252580,3.9145623003194889
183,216,CHINNEY INV      HKD   ,100000,125000,1.25
184,217,CHINA CHENGTONG  HKD   ,142000,39050,0.27500000000000002
185,218,SHENYIN WANGUO   HKD   ,540000,1464400,2.711851851851852
186,220,U-PRESID CHINA   HKD   ,41914000,374062534,8.9245248365701197
187,221,PNG RESOURCES    HKD   ,19440000,5241640,0.26963168724279835
188,222,MIN XIN HOLD     HKD   ,1400000,6034880,4.3106285714285715
189,223,SRGL             HKD   ,90000,9420,0.10466666666666667
190,224,PIONEER GLOBAL   HKD   ,472000,534080,1.1315254237288135
191,225,POKFULAM         HKD  ,80000,1008000,12.6
192,226,LIPPO            HKD   ,50000,187500,3.75
193,227,FIRST SHANGHAI   HKD   ,408000,292960,0.71803921568627449
194,228,CHINA ENERGY     HKD   ,26000,3026,0.11638461538461538
195,229,RAYMOND IND      HKD   ,208000,193440,0.93000000000000005
196,230,MINMETALS LAND   HKD   ,1228000,1399780,1.139885993485342
197,231,MADEX INTL HOLD  HKD   ,36820000,4648680,0.12625420966865833
198,232,AVIC INT'L       HKD   ,1222000,386350,0.31616202945990179
199,233,MY MEDICARE      HKD   ,7900000,1195470,0.15132531645569619
200,234,NEW CENTURY GP   HKD   ,540480,83603,0.15468287448194198
201,235,CHINA STRATEGIC  HKD   ,235000,33765,0.1436808510638298
202,236,SAN MIGUEL HK    HKD   ,46000,57280,1.2452173913043478
203,237,SAFETY GODOWN    HKD  ,6000,69600,11.6
204,238,EVERGREEN INT    HKD   ,5173000,7678180,1.4842799149429731
205,239,PAK FAH YEOW     HKD   ,82500,216575,2.625151515151515
206,240,BUILD KING HOLD  HKD   ,280000,44240,0.158
207,241,CITIC 21CN       HKD   ,274000,125480,0.45795620437956203
208,242,SHUN TAK HOLD    HKD   ,5309502,22526480,4.2426728533109133
209,243,QPL INT'L        HKD   ,2000,468,0.23400000000000001
210,245,CHINA SEVENSTAR  HKD   ,28118200,2621296,0.093224175089443848
211,250,SINO-I TECH      HKD   ,16980000,467810,0.027550647820965841
212,251,SEA HOLDINGS     HKD   ,26000,134580,5.1761538461538459
213,254,CH OUTDOORMEDIA  HKD   ,9025000,563125,0.062396121883656508
214,255,LUNG KEE         HKD   ,942000,3051380,3.2392569002123142
215,256,CHINA HAIDIAN    HKD   ,5870000,4692180,0.79934923339011921
216,257,CHINA EB INT'L   HKD   ,19938280,114428525,5.739137227484016
217,260,CH ENV INV H     HKD   ,2790000,670750,0.24041218637992831
218,262,DESON DEV INT'L  HKD   ,250000,154000,0.61599999999999999
219,264,CHANCO INT'L     HKD   ,44000,14520,0.33000000000000002
220,265,SOUTH CHINA H    HKD   ,280000,84000,0.29999999999999999
221,267,CITIC PACIFIC    HKD  ,4870444,48805012,10.020649452082807
222,268,KINGDEE INT'L    HKD   ,4552000,5954840,1.3081810193321617
223,269,CRTG             HKD   ,17700000,5222000,0.2950282485875706
224,270,GUANGDONG INV    HKD   ,5261200,35785784,6.8018292404774572
225,271,DAN FORM HOLD    HKD   ,595000,571540,0.96057142857142852
226,272,SHUI ON LAND     HKD   ,6337350,21153309,3.3378792397453196
227,273,WILLIE INT'L     HKD   ,5550000,4853200,0.87445045045045044
228,275,HANNY HOLDINGS   HKD   ,535217,123966,0.23161820345766296
229,276,MONGOLIA ENERGY  HKD   ,6915000,2212670,0.31998120028922633
230,279,FREEMAN FIN      HKD   ,21320000,2384100,0.11182457786116323
231,280,KING FOOK HOLD   HKD   ,202000,196240,0.97148514851485146
232,281,RIVERA (HOLD)    HKD   ,764000,234340,0.30672774869109948
233,285,BYD ELECTRONIC   HKD   ,1516000,3560132,2.3483720316622692
234,286,G-PROP (HOLD)    HKD   ,5170300,3429489,0.6633056108929849
235,289,WING ON CO       HKD  ,19000,482900,25.41578947368421
236,290,C FORTUNE FIN    HKD   ,2074000,186938,0.09013404050144648
237,291,CHINA RESOURCES  HKD  ,4047435,93115452,23.006040121706711
238,292,ASIA STD HOTEL   HKD   ,320879,232206,0.72365595754162781
239,293,CATHAY PAC AIR   HKD  ,5392316,71367289,13.234997540945301
240,294,YANGTZEKIANG     HKD   ,20000,57300,2.8650000000000002
241,296,EMPEROR E HOTEL  HKD   ,225000,517550,2.3002222222222222
242,297,SINOFERT         HKD   ,5326000,10606690,1.9914926774314683
243,298,CHUANG'S CHINA   HKD   ,260000,127825,0.49163461538461539
244,299,SINOCOM SOFT     HKD   ,364000,317780,0.87302197802197801
245,300,KUNMING MACHINE  HKD   ,423596,989269,2.3354068499230398
246,302,WING HANG BANK   HKD  ,253521,21118407,83.300424816879072
247,303,VTECH HOLDINGS   HKD  ,269044,25586654,95.102117125823284
248,305,WULING MOTORS    HKD   ,20000,9900,0.495
249,307,UP ENERGY DEV    HKD   ,19703520,11971791,0.60759656142658769
250,308,CHINA TRAVEL HK  HKD   ,2216000,3413880,1.5405595667870036
251,309,XH NEWS MEDIA    HKD   ,19000,3287,0.17299999999999999
252,310,PROSP INV HOLD   HKD   ,730000,208050,0.28499999999999998
253,311,LUEN THAI        HKD   ,16263000,34938070,2.1483164237840495
254,312,SHIRBLE STORE    HKD   ,1932000,774360,0.4008074534161491
255,315,SMARTONE TELE    HKD  ,822200,10406122,12.656436390172708
256,316,OOIL             HKD  ,458496,23465311,51.178878332635399
257,317,GUANGZHOU SHIP   HKD   ,318600,2134544,6.6997614563716255
258,319,CHINA METAL      HKD   ,20000,33560,1.6779999999999999
259,321,TEXWINCA HOLD    HKD   ,2082000,17034200,8.1816522574447639
260,322,TINGYI           HKD  ,5090000,103861906,20.405089587426325
261,323,MAANSHAN IRON    HKD   ,6084000,12553516,2.0633655489809337
262,326,CHINA STAR ENT   HKD   ,9095180,3597311,0.39551839545781392
263,327,PAX GLOBAL       HKD   ,1503000,2703870,1.7989820359281437
264,328,ALCO HOLDINGS    HKD   ,14000,22960,1.6399999999999999
265,329,DRAGONITE INT'L  HKD   ,1212000,797360,0.65788778877887788
266,330,ESPRIT HOLDINGS  HKD   ,4590164,43188543,9.4089324477295371
267,331,PCD STORES       HKD   ,12544000,14737580,1.1748708545918367
268,332,NGAI LIK IND     HKD   ,1044514,1137364,1.088893016273597
269,333,TOP FORM INT'L   HKD   ,22000,7830,0.3559090909090909
270,335,UPBEST GROUP     HKD   ,20000,20000,1.0
271,336,HUABAO INTL      HKD   ,17725000,60222290,3.3975904090267983
272,337,SPG LAND         HKD   ,1329000,3741510,2.8152821670428896
273,338,SHANGHAI PECHEM  HKD   ,27548000,95382906,3.4624258022360972
274,340,CHINA MINING     HKD   ,66086000,6010114,0.090943830765971609
275,341,CAFE DE CORAL H  HKD  ,562000,13040165,23.203140569395018
276,342,NEWOCEAN ENERGY  HKD   ,5045999,22894765,4.5372115610803725
277,343,CULTURECOM HOLD  HKD   ,338000,525400,1.5544378698224852
278,345,VITASOY INT'L    HKD   ,420000,3646450,8.6820238095238089
279,346,YANCHANG PETRO   HKD   ,14940000,7645100,0.51172021419009373
280,347,ANGANG STEEL     HKD   ,7596000,34312080,4.517124802527646
281,348,LUNG CHEONG      HKD   ,1294000,467660,0.36140649149922721
282,350,JINGWEI TEXTILE  HKD   ,1662000,9957500,5.9912755716004815
283,351,ASIA ENERGY LOG  HKD   ,3563000,296725,0.083279539713724385
284,353,ENERGY INTINV    HKD   ,1860000,46502,0.025001075268817206
285,354,CHINASOFT INT'L  HKD   ,1700000,2945200,1.7324705882352942
286,355,CENTURY C INT'L  HKD   ,3567317,2040274,0.57193515462741329
287,357,MEILAN AIRPORT   HKD   ,230000,1672720,7.2726956521739128
288,358,JIANGXI COPPER   HKD  ,7587926,130332457,17.176295208993867
289,359,HAISHENG JUICE   HKD   ,56000,26320,0.46999999999999997
290,360,NEW FOCUS AUTO   HKD   ,136000,94360,0.69382352941176473
291,362,C ZENITH CHEM    HKD   ,2645000,563775,0.21314744801512286
292,363,SHANGHAI IND H   HKD  ,2021806,49225037,24.347062477804499
293,364,HUAFENG GROUP    HKD   ,332000,69864,0.21043373493975903
294,366,LUKS GROUP (VN)  HKD   ,290000,648460,2.2360689655172412
295,367,CHUANG'S INT'L   HKD   ,556032,584113,1.0505024890653776
296,368,SINOTRANS SHIP   HKD   ,907000,1905770,2.1011797133406835
297,370,CHINA BEST       HKD   ,2960000,236920,0.080040540540540536
298,371,BJ ENT WATER     HKD   ,10473000,23932160,2.2851293803112767
299,372,ITC CORPORATION  HKD   ,4228000,2505480,0.59259224219489115
300,374,FOUR SEAS MER    HKD   ,36000,90600,2.5166666666666666
301,375,YGM TRADING      HKD  ,57000,1254450,22.007894736842104
302,376,REORIENT GROUP   HKD   ,10000,29900,2.9900000000000002
303,377,NEW ISLAND       HKD   ,2236000,3198680,1.430536672629696
304,378,CIAM GROUP       HKD   ,60000,56500,0.94166666666666665
305,379,PME              HKD   ,15010000,6495700,0.43275816122584942
306,380,CHINA PIPE       HKD   ,720000,23040,0.032000000000000001
307,382,WELLING HOLDING  HKD   ,2238000,3564000,1.5924932975871313
308,383,COL CAPITAL      HKD   ,244000,334240,1.3698360655737705
309,384,CHINA GAS HOLD   HKD   ,5360000,40682470,7.5900130597014925
310,385,CHINNEY ALLI     HKD   ,84000,36090,0.42964285714285716
311,386,SINOPEC CORP     HKD   ,164418912,1496050157,9.0990150634253073
312,388,HKEX             HKD ,2161902,288751892,133.56382111677587
313,389,TONTINE WINES    HKD   ,7348000,3908140,0.53186445291235707
314,390,CHINA RAILWAY    HKD   ,18519632,73047465,3.944325945569545
315,391,MEI AH ENTER     HKD   ,1300000,167400,0.12876923076923077
316,392,BEIJING ENT      HKD  ,2165600,131397372,60.674811599556705
317,393,GLORIOUS SUN     HKD   ,336000,757300,2.2538690476190477
318,395,SINO DRAGON      HKD   ,1072000,156776,0.14624626865671642
319,397,C GOGREEN ASSET  HKD   ,29260000,6026440,0.20596172248803829
320,398,ORIENTAL WATCH   HKD   ,2996000,7179736,2.3964405874499333
321,399,UNITED GENE GP   HKD   ,270200,122836,0.4546113989637306
322,402,MONGOLIA INV     HKD   ,6614400,1646251,0.24888893928398645
323,404,HSIN CHONG CONS  HKD   ,1358000,1595300,1.1747422680412372
324,405,YUEXIU REIT      HKD   ,6294363,27519582,4.372099607219984
325,406,YAU LEE HOLD     HKD   ,244000,417420,1.7107377049180328
326,408,YIP'S CHEMICAL   HKD   ,348000,2859360,8.2165517241379309
327,410,SOHO CHINA       HKD   ,5454000,35397007,6.4901002933626692
328,412,HERITAGE INT'L   HKD   ,3500022,1662009,0.47485672947198615
329,413,SOUTH CHINA CHI  HKD   ,16000,12480,0.78000000000000003
330,418,FOUNDER HOLD     HKD   ,678000,181690,0.26797935103244835
331,419,JIUHAO HEALTH    HKD   ,14629375,6122931,0.41853674541803731
332,420,FOUNTAIN SET     HKD   ,6194500,5677330,0.91651142142222941
333,422,VMEP HOLDINGS    HKD   ,34000,25940,0.76294117647058823
334,423,HKET HOLDINGS    HKD   ,20000,35200,1.76
335,425,MINTH GROUP      HKD  ,878000,9934060,11.314419134396354
336,430,ORIENTAL EXPL    HKD   ,1390000,131208,0.094394244604316543
337,432,PCPD             HKD   ,225000,649860,2.8882666666666665
338,433,NORTH MINING     HKD   ,46800000,19289600,0.41217094017094019
339,435,SUNLIGHT REIT    HKD   ,1094999,3695256,3.3746660955854755
340,438,IRICO            HKD   ,892000,312720,0.35058295964125563
341,440,DAH SING         HKD  ,44800,1854500,41.395089285714285
342,444,SINCEREWATCH HK  HKD   ,458000,905450,1.9769650655021833
343,445,CHINA FIRE       HKD   ,365000,55990,0.1533972602739726
344,449,CHIGO HOLDING    HKD   ,6858000,1355736,0.19768678915135607
345,450,HUNG HING PRINT  HKD   ,814000,1055000,1.296068796068796
346,451,SAME TIME HOLD   HKD   ,614000,4006040,6.5244951140065144
347,455,TIANDA PHARMA    HKD   ,372000,148810,0.40002688172043011
348,456,NEW CITY DEV     HKD   ,3366666,1107499,0.32896016415052753
349,458,TRISTATE HOLD    HKD   ,2000,7600,3.7999999999999998
350,459,MIDLAND IC&amp;I     HKD   ,5760000,274750,0.047699652777777775
351,460,SIHUAN PHARM     HKD   ,24845957,93903024,3.7794086176676553
352,467,UNITEDENERGY GP  HKD   ,2794000,3713420,1.3290694345025054
353,468,GAPACK           HKD   ,232000,1217930,5.2496982758620687
354,469,CAPXON INT'L     HKD   ,64000,10060,0.15718750000000001
355,471,CMMB VISION      HKD   ,9329000,4831480,0.51789902454711112
356,472,JLF INVESTMENT   HKD   ,30000,10900,0.36333333333333334
357,474,HAO TIAN RES GP  HKD   ,44228000,13638680,0.30837207199059419
358,476,SINOCOP RES      HKD   ,1430000,854300,0.5974125874125874
359,477,AUPU GROUP HLDG  HKD   ,640000,437440,0.6835
360,479,CIL HOLDINGS     HKD   ,540000,56980,0.10551851851851853
361,480,HKR INT'L        HKD   ,582600,2424148,4.1609131479574319
362,482,SANDMARTIN INTL  HKD   ,104000,52360,0.50346153846153852
363,483,BAUHAUS INT'L    HKD   ,86000,98900,1.1499999999999999
364,485,STARLIGHT INT'L  HKD   ,310000,40120,0.12941935483870967
365,486,RUSAL            HKD   ,850000,3363450,3.9569999999999999
366,487,SUCCESSUNIVERSE  HKD   ,52000,9816,0.18876923076923077
367,488,LAI SUN DEV      HKD   ,27680795,6898651,0.24922156318125979
368,489,DONGFENG GROUP   HKD  ,13979863,147765680,10.569894712129868
369,491,SEE CORPORATION  HKD   ,1981000,144749,0.073068652195860673
370,493,GOME             HKD   ,42841000,38133993,0.89012845171681332
371,494,LI &amp; FUNG        HKD  ,12617743,136210348,10.795143632264502
372,495,PALADIN          HKD   ,100000,15000,0.14999999999999999
373,497,CSI PROPERTIES   HKD   ,40032354,14552873,0.36352778555065735
374,498,PYI CORP         HKD   ,10289180,1957394,0.19023809477528822
375,500,DVN (HOLDINGS)   HKD   ,478000,143425,0.30005230125523014
376,503,LANSEN PHARMA    HKD   ,240000,524040,2.1835
377,505,XINGYE COPPER    HKD   ,631000,574240,0.91004754358161644
378,506,CHINA FOODS      HKD   ,6390000,29576680,4.6285884194053208
379,508,DINGYI GP INV    HKD   ,5290000,1311940,0.24800378071833648
380,509,SUNSHINE         HKD   ,1800000,1369850,0.76102777777777775
381,510,CASH FIN SER GP  HKD   ,60000,5220,0.086999999999999994
382,511,TVB              HKD  ,305100,17989843,58.963759423139955
383,512,CHINAGRANDPHARM  HKD   ,480000,247600,0.51583333333333337
384,513,CONTINENTAL H    HKD   ,1370000,141530,0.10330656934306569
385,515,TC ORI LIGHT     HKD   ,4606000,3731240,0.81008250108554058
386,517,COSCO INTL HOLD  HKD   ,2511600,8360860,3.3288979136805223
387,518,TUNGTEX (HOLD)   HKD   ,24000,18960,0.79000000000000004
388,519,APPLIED DEV      HKD   ,150000,42450,0.28299999999999997
389,521,SHOUGANG TECH    HKD   ,306320,138539,0.45226886915643771
390,522,ASM PACIFIC      HKD  ,1607705,138590858,86.204159345153499
391,524,E-KONG GROUP     HKD   ,26600,10292,0.38691729323308272
392,525,GUANGSHEN RAIL   HKD   ,4432400,17301094,3.9033241584694522
393,527,CHINA RUIFENG    HKD   ,2964000,4600200,1.5520242914979756
394,528,KINGDOM HOLDING  HKD   ,198000,169480,0.85595959595959592
395,530,GOLDIN FIN HOLD  HKD   ,18784,24417,1.2998828790459966
396,531,SAMSON HOLDING   HKD   ,11059000,16817080,1.5206691382584321
397,533,GOLDLION HOLD    HKD   ,482000,1957360,4.0609128630705396
398,535,GEMDALE PPT      HKD   ,32064000,25512780,0.79568300898203592
399,536,TRADELINK        HKD   ,5554599,8212702,1.4785409351782191
400,538,AJISEN (CHINA)   HKD   ,1149189,7331172,6.3794310596429309
401,539,VICTORY CITY     HKD   ,766348,792048,1.0335356783080272
402,540,SPEEDY GLOBAL    HKD   ,340000,239200,0.70352941176470585
403,542,MORNING STAR     HKD   ,33000,5931,0.17972727272727274
404,543,PACIFIC ONLINE   HKD   ,90000,270280,3.0031111111111111
405,546,FUFENG GROUP     HKD   ,9175440,25416087,2.7700128822160028
406,547,SUN INNOVATION   HKD   ,8800000,1064320,0.12094545454545455
407,548,SHENZHENEXPRESS  HKD   ,3924000,11580240,2.9511314984709478
408,549,QIFENG FIBER     HKD   ,412000,185970,0.45138349514563109
409,550,CINMEDIA         HKD   ,54000,145380,2.6922222222222221
410,551,YUE YUEN IND     HKD  ,2664564,67390797,25.291491215823676
411,552,CHINACOMSERVICE  HKD   ,9415013,48012592,5.0995778763130755
412,553,NANJING PANDA    HKD   ,2544000,6361320,2.5005188679245283
413,555,REXLOT HOLDINGS  HKD   ,3950000,2699750,0.6834810126582278
414,556,PAN ASIA ENVIRO  HKD   ,200000,109900,0.54949999999999999
415,559,HUA YI COPPER    HKD   ,4852400,2223556,0.45823839749402356
416,560,CHU KONG SHIP    HKD   ,1638000,2466280,1.5056654456654457
417,563,SH IND URBAN     HKD   ,5918000,9092980,1.5364954376478539
418,564,ZMJ              HKD   ,201800,1698404,8.4162735381565899
419,565,ART TEXTILE      HKD   ,25000,10400,0.41599999999999998
420,566,HANERGY SOLAR    HKD   ,48038000,23890140,0.4973175402806112
421,567,DAISHOMICROLINE  HKD   ,66000,16830,0.255
422,568,SHANDONG MOLONG  HKD   ,963200,3362860,3.4913413621262457
423,569,CH AUTOMATION    HKD   ,1648000,2761660,1.6757645631067961
424,570,WINTEAM PHARMA   HKD   ,22011956,75795257,3.4433676407494183
425,571,ESUN HOLDINGS    HKD   ,152000,197480,1.2992105263157894
426,572,CHINA PACKAGING  HKD   ,8843045,6384609,0.72199214184706739
427,573,TAO HEUNG HLDGS  HKD   ,140000,624920,4.4637142857142855
428,575,REGENT PACIFIC   HKD   ,10590000,1233970,0.11652219074598678
429,576,ZHEJIANGEXPRESS  HKD   ,3036000,19025130,6.2665118577075098
430,577,PAUL Y. ENG      HKD   ,16798000,12603880,0.75032027622335995
431,578,ROSAN RES        HKD   ,95600,42002,0.43935146443514644
432,579,JNCEC            HKD   ,21590000,53801280,2.4919536822603057
433,580,SUN.KING ELEC    HKD   ,312000,157940,0.50621794871794867
434,581,CHINA ORIENTAL   HKD   ,18000,27180,1.51
435,582,GREENFIELD CHEM  HKD   ,8065000,695670,0.086257904525728457
436,585,IMAGI INT'L      HKD   ,10793328,989771,0.091702114491471032
437,587,HUA HAN          HKD   ,9002144,20810111,2.3116838610890915
438,588,BEIJING N STAR   HKD   ,1024000,1907040,1.86234375
439,589,PORTS            HKD   ,4764000,31944985,6.7054964315701096
440,590,LUK FOOK HOLD    HKD  ,1891894,47501751,25.108040408183545
441,592,BOSSINI INT'L    HKD   ,378000,155460,0.41126984126984129
442,595,AV CONCEPT HOLD  HKD   ,1908000,913330,0.47868448637316563
443,596,INSPUR INT'L     HKD   ,2467000,751160,0.30448317794892582
444,598,SINOTRANS        HKD   ,867000,1387990,1.6009111880046136
445,599,E. BON HOLDINGS  HKD   ,220000,173300,0.78772727272727272
446,601,GROUP SENSE      HKD   ,130000,23656,0.18196923076923077
447,602,JIAHUA STORES H  HKD   ,6272000,2704877,0.43126227678571427
448,603,CHINA OIL &amp; GAS  HKD   ,34740000,52510400,1.5115256188831319
449,604,SHENZHEN INVEST  HKD   ,8140000,25503340,3.1330884520884519
450,605,C FIN SERVICES   HKD   ,2056000,1356060,0.65956225680933855
451,606,CHINA AGRI       HKD   ,16430385,66466860,4.0453622967447203
452,609,TIANDE CHEMICAL  HKD   ,4000,6120,1.53
453,610,WAI KEE HOLD     HKD   ,164000,341260,2.0808536585365855
454,611,CNI 23 INT'L     HKD   ,1744000,2927940,1.6788646788990826
455,612,CHINA INV FUND   HKD   ,8800,1699,0.19306818181818181
456,613,YUGANG INT'L     HKD   ,22180000,1294316,0.058355094679891792
457,616,EASYKNIT ENT     HKD   ,1976000,366804,0.18562955465587044
458,617,PALIBURG HOLD    HKD   ,112200,294130,2.6214795008912657
459,618,EC-FOUNDER       HKD   ,234000,105150,0.44935897435897437
460,620,UDL HOLDINGS     HKD   ,185200,87184,0.47075593952483802
461,622,ENERCHINA HOLD   HKD   ,12120350,1883436,0.15539452243540822
462,623,SINOMEDIA        HKD   ,573000,2593850,4.5267888307155326
463,626,PUBLIC FIN HOLD  HKD   ,44000,172500,3.9204545454545454
464,628,DORE HOLDINGS    HKD   ,86043,5962,0.069290935927385139
465,629,YUE DA MINING    HKD   ,109000,50175,0.46032110091743117
466,631,SANY INT'L       HKD   ,14343500,53393580,3.7224931153484158
467,633,CH ALL ACCESS    HKD   ,4856000,12168320,2.5058319604612849
468,635,PLAYMATES        HKD   ,175200,1232830,7.0367009132420089
469,637,LEE KEE          HKD   ,20000,8800,0.44
470,638,KIN YAT HOLD     HKD   ,69752,67231,0.96385766716366561
471,639,SHOUGANG RES     HKD   ,25880000,84549400,3.2669783616692425
472,640,INFINITY CHEM    HKD   ,1056000,439120,0.41583333333333333
473,641,FONG'S IND       HKD   ,138000,263400,1.9086956521739131
474,643,CARRY WEALTH     HKD   ,20000,8000,0.40000000000000002
475,646,CHINA ENV TEC    HKD   ,3744000,643536,0.17188461538461539
476,647,JOYCE BOUTIQUE   HKD   ,88000,47520,0.54000000000000004
477,650,SHUN CHEONG      HKD   ,300000,144000,0.47999999999999998
478,651,CHI O SHIPBLDG   HKD   ,3642500,303797,0.083403431708991074
479,653,BONJOUR HOLD     HKD   ,12232000,14508160,1.1860824068018312
480,655,HK CHINESE LTD   HKD   ,128000,186880,1.46
481,656,FOSUN INTL       HKD   ,8082500,42415201,5.2477823693164245
482,657,G-VISION INT'L   HKD   ,442000,62096,0.14048868778280543
483,658,C TRANSMISSION   HKD   ,13756000,50896755,3.6999676504797905
484,659,NWS HOLDINGS     HKD  ,1717584,23587979,13.733231678916431
485,661,CDAYENONFER      HKD   ,3944100,999764,0.25348343094749121
486,662,ASIA FINANCIAL   HKD   ,74000,251280,3.3956756756756756
487,663,KING STONE ENGY  HKD   ,1694000,713345,0.42110094451003544
488,665,HAITONG INT'L    HKD   ,1083909,3577255,3.3003277950455252
489,666,SHK HK IND       HKD   ,392000,72196,0.18417346938775511
490,668,DOWELL PPT       HKD   ,130000,112700,0.86692307692307691
491,669,TECHTRONIC IND   HKD  ,9330950,179772224,19.266229483600277
492,670,CHINA EAST AIR   HKD   ,6278000,20956930,3.3381538706594456
493,672,ZHONGAN REALEST  HKD   ,328200,406384,1.2382205971968312
494,673,CHINA HEALTH     HKD   ,3000,945,0.315
495,677,GOLDEN RES DEV   HKD   ,456000,184680,0.40500000000000003
496,678,GENTING HK       HKD   ,232000,766460,3.303706896551724
497,680,NAN HAI CORP     HKD   ,55678780,1954178,0.035097356659035989
498,681,CHI PEOPLE HOLD  HKD   ,30108000,7611350,0.25280158097515609
499,683,KERRY PPT        HKD  ,2706760,93313748,34.474333889964385
500,686,GOLDPOLY NEW EN  HKD   ,4712000,5847080,1.2408913412563667
501,688,CHINA OVERSEAS   HKD  ,24202035,531161741,21.946986730661287
502,689,EPI (HOLDINGS)   HKD   ,16970250,3204075,0.18880540946656649
503,691,SHANSHUI CEMENT  HKD   ,4352000,19937370,4.581197150735294
504,692,CHINA HOUSEHOLD  HKD   ,18506929,8552712,0.46213566821378088
505,694,BEIJING AIRPORT  HKD   ,8755872,47231103,5.3942203586347537
506,695,DONGWU CEMENT    HKD   ,300000,387780,1.2926
507,696,TRAVELSKY TECH   HKD   ,570000,2899400,5.0866666666666669
508,697,SHOUGANG INT'L   HKD   ,7718000,3375490,0.43735294117647061
509,698,TONGDA GROUP     HKD   ,13281769,7049712,0.53078110302927273
510,700,TENCENT          HKD ,5703024,1435791890,251.75974886305931
511,701,CNT GROUP        HKD   ,52000,17420,0.33500000000000002
512,702,SINO OIL &amp; GAS   HKD   ,30410000,4556360,0.14983097665241696
513,703,FUTURE BRIGHT    HKD   ,2244000,5913840,2.6354010695187164
514,704,HUSCOKE RES      HKD   ,461419,54788,0.11873806670293161
515,705,CVM MINERALS     HKD   ,3640000,222440,0.061109890109890111
516,706,FINTRONICS       HKD   ,400000,64000,0.16
517,707,CO-PROSPERITY    HKD   ,2000,296,0.14799999999999999
518,708,NEW MEDIA        HKD   ,260000,70800,0.27230769230769231
519,709,GIORDANO INT'L   HKD   ,1965000,15332324,7.8027094147582696
520,710,VARITRONIX INTL  HKD   ,1043031,4823181,4.6241971715126393
521,711,CHUN WO DEV      HKD   ,440000,250800,0.56999999999999995
522,712,COMTEC SOLAR     HKD   ,21178000,27628590,1.3045891963358203
523,713,WORLD HOUSEWARE  HKD   ,502000,155590,0.30994023904382473
524,715,HUTCH HARB RING  HKD   ,1824000,1169520,0.6411842105263158
525,716,SINGAMAS CONT    HKD   ,3948000,8057164,2.0408216818642351
526,717,EMPEROR CAPITAL  HKD   ,1410000,513510,0.36419148936170215
527,718,BESTWAY INT'L    HKD   ,370000,15270,0.041270270270270269
528,719,SHANDONG XINHUA  HKD   ,54000,125200,2.3185185185185184
529,721,C FIN INT INV    HKD   ,3890000,1510250,0.38823907455012852
530,723,SUSTAIN FOREST   HKD   ,15517500,805447,0.051905719349121957
531,724,SINO-TECH INT'L  HKD   ,1430000,53080,0.03711888111888112
532,726,SOUTH EAST GP    HKD   ,90000,28910,0.32122222222222224
533,728,CHINA TELECOM    HKD   ,38953127,155324218,3.9874646777394789
534,729,SINOPOLYBATTERY  HKD   ,5700000,1670500,0.29307017543859648
535,730,SHOUGANG GRAND   HKD   ,16000,6160,0.38500000000000001
536,731,SAMSON PAPER     HKD   ,324000,124740,0.38500000000000001
537,732,TRULY INT'L      HKD   ,20352000,80059550,3.9337436124213836
538,733,HOPEFLUENT       HKD   ,2342129,5548172,2.3688584189854613
539,735,C P NEW ENERGY   HKD   ,7840000,3689100,0.47054846938775508
540,736,CHINA PPT INV    HKD   ,1738333,185164,0.10651814123070781
541,737,HOPEWELL INFR    HKD   ,1149700,4489173,3.9046472992954682
542,738,LE SAUNDA HOLD   HKD   ,120000,292940,2.4411666666666667
543,743,ASIA CEMENT CH   HKD   ,545000,2106900,3.8658715596330273
544,745,CH RAILSMEDIA    HKD   ,3436000,1253150,0.36471187427240975
545,746,L &amp; M CHEMICAL   HKD   ,420000,1904480,4.5344761904761901
546,747,SHENYANG PUBLIC  HKD   ,400000,190000,0.47499999999999998
547,750,SINGYES SOLAR    HKD   ,16187800,104320270,6.4443760115642643
548,751,SKYWORTHDIGITAL  HKD   ,4538450,23997486,5.2875951040553497
549,752,PICO FAR EAST    HKD   ,568000,1556820,2.7408802816901408
550,753,AIR CHINA        HKD   ,22788481,156856579,6.8831520187765038
551,754,HOPSON DEV HOLD  HKD  ,2962000,34084520,11.507265361242403
552,755,SHANGHAI ZENDAI  HKD   ,1950000,292750,0.15012820512820513
553,756,CHI TIANYI HOLD  HKD   ,872000,883320,1.0129816513761467
554,757,SOLARGIGA        HKD   ,5491555,2269206,0.41321738560389543
555,758,JUNEFIELD GROUP  HKD   ,338000,164230,0.48588757396449705
556,759,CEC INT'L HOLD   HKD   ,4260001,4661561,1.0942628886706833
557,760,TALENT PPT GP    HKD   ,840000,134880,0.16057142857142856
558,762,CHINA UNICOM     HKD  ,17879508,190243424,10.640305314888979
559,763,ZTE              HKD  ,5332537,74789533,14.025131564956792
560,764,ETERNITY INV     HKD   ,7367237,9600981,1.3031996934535974
561,765,PERFECTECH INTL  HKD   ,1454000,1489520,1.0244291609353509
562,766,SINO PROSPER SG  HKD   ,375000,79655,0.21241333333333334
563,767,PACIFIC PLYWOOD  HKD   ,1843325,179890,0.097589952938304428
564,769,CHINA RAREEARTH  HKD   ,4982780,6964706,1.3977550684557616
565,770,SHANGHAI GROWTH  USD   ,10000,13400,1.3400000000000001
566,771,AUTOMATED SYS    HKD   ,270000,273180,1.0117777777777779
567,775,CKLIFE SCIENCES  HKD   ,1416000,965280,0.68169491525423731
568,777,NETDRAGON        HKD   ,1456000,13816195,9.4891449175824167
569,778,FORTUNE REIT     HKD   ,2064000,14247170,6.9026986434108526
570,789,ARTINI           HKD   ,160000,38900,0.24312500000000001
571,794,COME SURE GROUP  HKD   ,214000,99140,0.46327102803738318
572,800,A8 DIGITALMUSIC  HKD   ,35826759,15077073,0.4208327356655398
573,801,GOLDEN MEDITECH  HKD   ,1868000,1790080,0.95828693790149888
574,802,RCG              HKD   ,371000,162565,0.43818059299191375
575,805,GLENCORE-S       HKD  ,18000,762185,42.343611111111109
576,806,VALUE PARTNERS   HKD   ,1908000,9614590,5.0390932914046118
577,808,PROSPERITY REIT  HKD   ,2614999,6967587,2.6644702349790572
578,809,GLOBAL BIO-CHEM  HKD   ,3108000,2225140,0.71593951093951091
579,811,XINHUA WINSHARE  HKD   ,1485000,6514990,4.3871986531986531
580,812,TANRICH          HKD   ,28000,8630,0.30821428571428572
581,813,SHIMAO PROPERTY  HKD  ,19602500,277809514,14.172147124091316
582,814,JINGKELONG       HKD   ,212000,670910,3.1646698113207545
583,815,CHI SILVER GP    HKD   ,1654000,2216340,1.339987908101572
584,816,HUADIAN FUXIN    HKD   ,63810000,122997700,1.9275615107349946
585,817,FRANSHION PPT    HKD   ,5882583,14629030,2.4868378397720865
586,818,HI SUN TECH      HKD   ,369000,340230,0.92203252032520322
587,819,TIANNENG POWER   HKD   ,2010239,10894613,5.4195610571678294
588,820,HSBCDRAGON FUND  HKD   ,103432,723920,6.9989945084693321
589,821,VC HOLDINGS      HKD   ,3980000,3985480,1.0013768844221105
590,822,KA SHUI INT'L    HKD   ,6352000,12037860,1.8951290931989924
591,823,LINK REIT        HKD  ,3783176,159660614,42.202798389501311
592,825,NWDS CHINA       HKD   ,1198255,5339157,4.4557769423035998
593,826,TIANGONG INT'L   HKD   ,33295000,73342880,2.2028196425889774
594,827,KO YO GROUP      HKD   ,1620000,187460,0.11571604938271605
595,829,SHENGUAN HLDGS   HKD   ,1370000,5438160,3.9694598540145987
596,830,FAR EAST GLOBAL  HKD   ,4880000,11982300,2.4553893442622949
597,831,CR ASIA          HKD   ,2000,10600,5.2999999999999998
598,832,CENTRAL CHINA    HKD   ,708634,1830090,2.5825602497198834
599,833,ALLTRONICS       HKD   ,1223000,1859560,1.5204905968928863
600,834,KANGDA FOOD      HKD   ,100000,66200,0.66200000000000003
601,835,ASIA COAL        HKD   ,660000,82010,0.12425757575757576
602,836,CHINA RES POWER  HKD  ,5704900,135373782,23.729387368753176
603,837,CARPENTER TAN    HKD   ,310000,1555320,5.0171612903225808
604,838,EVA HOLDINGS     HKD   ,4052000,4416600,1.0899802566633761
605,839,TIANDA OIL PIPE  HKD   ,1204000,1698440,1.4106644518272424
606,840,TIANYE WATER     HKD   ,282000,237200,0.84113475177304964
607,841,CASSAVA RES      HKD   ,22000,14960,0.68000000000000005
608,842,LEOCH INT'L      HKD   ,1391000,1427915,1.0265384615384616
609,844,GRAND CONCORD    HKD   ,1568000,1276960,0.81438775510204087
610,845,GLORIOUS PPT H   HKD   ,2844000,3488550,1.2266350210970465
611,846,MINGFA GROUP     HKD   ,2426000,6224130,2.5655935696619951
612,848,MAOYE INT'L      HKD   ,22127000,40072185,1.8110084964071045
613,850,PETROASIAN       HKD   ,3036000,519760,0.17119894598155469
614,852,STRONG PETRO     HKD   ,26000,21000,0.80769230769230771
615,853,MICROPORT        HKD   ,12604800,66138804,5.2471125285605487
616,855,CHINA WATER      HKD   ,1458000,3348010,2.2963031550068589
617,856,VST HOLDINGS     HKD   ,1560000,3147460,2.0176025641025639
618,857,PETROCHINA       HKD  ,64823025,667157963,10.291990585135451
619,858,EXTRAWELL PHAR   HKD   ,7540000,5240200,0.69498673740053052
620,860,MING FUNG JEWEL  HKD   ,1810000,555050,0.30665745856353593
621,861,DIGITAL CHINA    HKD  ,1725597,18040707,10.454762612591468
622,862,VISION VALUES    HKD   ,76000,13376,0.17599999999999999
623,864,WING LEE PPT     HKD   ,1048000,959180,0.91524809160305343
624,866,CHINA QINFA      HKD   ,966000,936540,0.96950310559006214
625,867,CMS              HKD   ,3448000,26891945,7.7992879930394432
626,868,XINYI GLASS      HKD   ,5160676,28563398,5.534817144110578
627,869,PLAYMATES TOYS   HKD   ,1782480,1296640,0.72743593195996592
628,871,XIANGYU DREDG    HKD   ,2084000,3344530,1.6048608445297505
629,872,JH AUTO SAFETY   HKD   ,200000,69710,0.34855000000000003
630,873,C TAIFENG BED    HKD   ,1464000,3060820,2.0907240437158472
631,874,GUANGZHOU PHAR   HKD  ,5190000,134744300,25.962292870905589
632,875,CYPRESS JADE     HKD   ,420000,119700,0.28499999999999998
633,876,WING LEE HOLD    HKD   ,372000,235320,0.63258064516129031
634,877,O-NET COMM GP    HKD   ,586000,1058410,1.806160409556314
635,878,SOUNDWILL HOLD   HKD  ,180000,3596540,19.980777777777778
636,880,SJM HOLDINGS     HKD  ,13883400,275706302,19.858701902992063
637,881,ZHONGSHENG HLDG  HKD   ,6094000,58955538,9.6743580571053496
638,882,TIANJIN DEV      HKD   ,5174200,31735428,6.133398013219435
639,883,CNOOC            HKD  ,52017958,785925698,15.108737986216221
640,884,CIFI HOLD GP     HKD   ,8738000,12040380,1.3779331654840925
641,885,FOREFRONT GROUP  HKD   ,8190000,1950180,0.23811721611721612
642,886,SILVER BASE      HKD   ,4507325,10260702,2.2764504445541425
643,887,EMPEROR WATCH&amp;J  HKD   ,6080000,4802700,0.78991776315789475
644,888,ROADSHOW         HKD   ,2974000,3230640,1.0862945527908541
645,889,DATRONIX HOLD    HKD   ,140000,165280,1.1805714285714286
646,891,TRINITY          HKD   ,7248000,28688000,3.9580573951434879
647,893,CHINAVTM MINING  HKD   ,2029000,3619590,1.7839280433711189
648,894,MAN YUE TECH     HKD   ,102000,116860,1.145686274509804
649,895,DONGJIANG ENV    HKD  ,108600,4744340,43.686372007366479
650,897,WAI YUEN TONG    HKD   ,1330000,276210,0.20767669172932332
651,898,MULTIFIELD INTL  HKD   ,2744000,809790,0.29511297376093293
652,899,ASIA RESOURCES   HKD   ,2500000,74660,0.029864000000000002
653,901,RADFORD CAPITAL  HKD   ,129440000,11021020,0.085143850432632881
654,902,HUANENG POWER    HKD   ,20521177,168000753,8.1867016204772263
655,903,TPV TECHNOLOGY   HKD   ,2568000,5924840,2.3071806853582553
656,904,CHINA GREEN      HKD   ,1815000,2248170,1.2386611570247934
657,905,MASTERMIND CAP   HKD   ,80000,5440,0.068000000000000005
658,906,COFCO PACKAGING  HKD   ,2597297,15749447,6.0637836181229945
659,908,ZHUHAI H INV     HKD   ,3364032,4130539,1.2278536589426021
660,912,SUGA INT'L       HKD   ,92000,197980,2.1519565217391303
661,913,UNITY INV HOLD   HKD   ,1985000,1588000,0.80000000000000004
662,914,ANHUI CONCH      HKD  ,11028428,293322015,26.596901661778087
663,915,LINMARK GROUP    HKD   ,772000,300410,0.38913212435233163
664,916,CHINA LONGYUAN   HKD   ,19023280,134924571,7.0926029054926385
665,917,NEW WORLD CHINA  HKD   ,1541004,5154143,3.3446655557026457
666,918,TAKSON HOLDINGS  HKD   ,62000,21720,0.35032258064516131
667,919,MODERN BEAUTY    HKD   ,260000,239400,0.92076923076923078
668,921,HISENSE KELON    HKD   ,4856000,19279840,3.9703130148270183
669,922,CHINA BOON HLDG  HKD   ,1240000,121700,0.09814516129032258
670,925,BJ PROPERTIES    HKD   ,1282000,670780,0.52322932917316689
671,926,BESUNYEN         HKD   ,501000,153760,0.30690618762475053
672,927,FUJIKON IND      HKD   ,4758000,17257620,3.6270744010088274
673,928,TACK FIORI       HKD   ,1524000,1048360,0.6879002624671916
674,929,IPE GROUP        HKD   ,7040000,4783450,0.67946732954545452
675,931,ARTEL GROUP      HKD   ,11660000,2668960,0.22889879931389365
676,933,BRIGHTOIL        HKD   ,1906000,2744350,1.4398478488982163
677,934,SINOPEC KANTONS  HKD   ,1506000,10359900,6.8790836653386451
678,935,DRAGON CROWN     HKD   ,462000,439580,0.95147186147186147
679,938,MAN SANG INT'L   HKD   ,1766000,1139880,0.64545866364665916
680,939,CCB              HKD   ,207020929,1322430412,6.3879068574752651
681,940,C ANIMAL HEALTH  HKD   ,27000,49210,1.8225925925925925
682,941,CHINA MOBILE     HKD  ,18278403,1506520173,82.420776749478605
683,945,MANULIFE-S       HKD ,37665,4319035,114.66971989911058
684,947,MOBI DEV         HKD   ,324000,307370,0.94867283950617287
685,948,Z-OBEE           HKD   ,78000,70980,0.91000000000000003
686,950,LEE'S PHARM      HKD   ,180000,980450,5.4469444444444441
687,951,CHAOWEI POWER    HKD   ,3110000,11712672,3.7661324758842443
688,953,MEIKE INT'L      HKD   ,26000,8390,0.32269230769230767
689,956,CHINA SUNTIEN    HKD   ,8705000,18942000,2.1759908098793797
690,958,HN RENEWABLES    HKD   ,17008000,36233628,2.1303873471307622
691,959,AMAX HLDGS       HKD   ,13645500,616638,0.045189842805320436
692,960,LONGFOR PPT      HKD  ,3391029,43390126,12.795563234640577
693,963,BLOOMAGE BIOTEC  HKD   ,517500,3413350,6.5958454106280193
694,966,CHINA TAIPING    HKD  ,1268800,16881626,13.305190731399748
695,967,SOUND GLOBAL     HKD   ,205000,724820,3.5357073170731708
696,969,HUA LIEN INT'L   HKD   ,1824000,1284300,0.70411184210526312
697,970,SPARKLE ROLL     HKD   ,1800000,1322160,0.73453333333333337
698,973,L'OCCITANE       HKD  ,1406650,33067790,23.50818611594924
699,975,MONGOL MINING    HKD   ,1911000,5574940,2.9172893772893773
700,976,CHIHO-TIANDE     HKD   ,1416000,5120690,3.6163064971751413
701,978,TONIC IND HOLD   HKD   ,1350000,3387500,2.5092592592592591
702,980,LIANHUA          HKD   ,724600,4547777,6.2762586254485235
703,981,SMIC             HKD   ,62862330,30146921,0.47957053135001521
704,982,IONE HOLDINGS    HKD   ,8660000,446260,0.051531177829099307
705,983,SOCAM DEV        HKD   ,13157,123050,9.3524359656456646
706,984,AEON STORES      HKD  ,500,9700,19.399999999999999
707,985,CST MINING       HKD   ,12626720,1482183,0.1173846414587478
708,986,CH ENV ENERGY    HKD   ,864320,2650976,3.0671232876712327
709,987,CH RENEW EN INV  HKD   ,183726,36751,0.20003156874911554
710,988,LOUDONG GN RES   HKD   ,3717072,1947618,0.5239656374694921
711,989,CHINA MOTION     HKD   ,189000,33393,0.17668253968253969
712,991,DATANG POWER     HKD   ,14346000,49379054,3.4420085041126445
713,992,LENOVO GROUP     HKD   ,35757890,282679106,7.9053631520204348
714,993,SIMSEN INT'L     HKD   ,9160600,909482,0.099281924764753407
715,995,ANHUIEXPRESSWAY  HKD   ,1496000,5921000,3.9578877005347595
716,996,CARNIVAL GROUP   HKD   ,2540000,1130300,0.44500000000000001
717,997,CHINLINK INTL    HKD   ,4600000,2407200,0.52330434782608692
718,998,CITIC BANK       HKD   ,23679753,115232021,4.8662678618311599
719,999,I.T              HKD   ,935787,2982439,3.1870917206586542
720,1001,VAN SHUNG CHONG  HKD   ,436000,460980,1.0572935779816515
721,1003,21 HOLDINGS      HKD   ,1169000,659870,0.56447390932420871
722,1005,MATRIX HOLDINGS  HKD   ,10000,16800,1.6799999999999999
723,1006,CHANGSHOUHUA     HKD   ,589000,2615600,4.4407470288624786
724,1008,BRILLIANT CIR    HKD   ,222000,1025160,4.617837837837838
725,1009,INT'L ENT        HKD   ,10000,11400,1.1399999999999999
726,1011,NT PHARMA        HKD   ,1028000,772120,0.75108949416342408
727,1019,CONVOY           HKD   ,6752000,16393660,2.427970971563981
728,1020,SINOREF HLDGS    HKD   ,1644000,681920,0.41479318734793186
729,1021,MIDAS HLDGS-S    HKD   ,73000,241210,3.3042465753424657
730,1023,SITOY GROUP      HKD   ,132000,478970,3.6285606060606059
731,1025,WUMART           HKD  ,767000,10615460,13.840234680573664
732,1028,C.BANNER         HKD   ,667000,2267870,3.4001049475262368
733,1029,IRC              HKD   ,944000,852260,0.90281779661016948
734,1030,FUTURE LAND      HKD   ,1734000,2109140,1.2163437139561708
735,1031,KINGSTON FIN     HKD   ,2264000,1279740,0.56525618374558306
736,1032,CHUN WO W1309    HKD   ,166125,12991,0.078200150489089543
737,1033,YIZHENG CHEM     HKD   ,15218000,31425896,2.0650477066631621
738,1036,VANKE PPT OVS    HKD  ,271000,3625720,13.379040590405904
739,1038,CKI HOLDINGS     HKD  ,1213344,65240148,53.768880053801723
740,1039,CHANGFENG AXLE   HKD   ,10000,5600,0.56000000000000005
741,1041,CH NEW ENGY PWR  HKD   ,992500,134740,0.1357581863979849
742,1043,COSLIGHT TECH    HKD   ,1742200,3578186,2.0538319366318447
743,1044,HENGAN INT'L     HKD  ,2438000,191100368,78.384072190319941
744,1045,APT SATELLITE    HKD   ,9292250,50081965,5.3896489009658586
745,1048,NOVO GROUP       HKD   ,35000,42000,1.2
746,1050,KARRIE INT'L     HKD   ,598000,156870,0.26232441471571905
747,1051,G-RESOURCES      HKD   ,12846350,5269861,0.41022243672327158
748,1052,YUEXIUTRANSPORT  HKD   ,672188,2686737,3.9970023267300219
749,1053,CHONGQING IRON   HKD   ,486000,609860,1.2548559670781894
750,1055,CHINA SOUTH AIR  HKD   ,3997000,17052440,4.2663097322992245
751,1057,ZHEJIANG SHIBAO  HKD   ,348000,935160,2.6872413793103447
752,1059,KANTONE HOLDING  HKD   ,636262,50015,0.078607554749458561
753,1060,CHINAVISION      HKD   ,2265000,790000,0.34878587196467992
754,1062,CDB INT'L INV    HKD   ,360000,218100,0.60583333333333333
755,1063,SUNCORP TECH     HKD   ,123333,24619,0.19961405301095408
756,1064,ZHONG HUA INT'L  HKD   ,221500,108117,0.48811286681715577
757,1065,TIANJIN CAPITAL  HKD   ,5114000,17171900,3.357821666014861
758,1066,WEIGAO GROUP     HKD   ,11286189,80678648,7.1484402751008336
759,1068,YURUN FOOD       HKD   ,30683755,164108522,5.3483845767899005
760,1069,JIANGCHEN INTL   HKD   ,3960000,5756720,1.4537171717171717
761,1070,TCL MULTIMEDIA   HKD   ,1622832,9815106,6.0481343725043626
762,1071,HUADIAN POWER    HKD   ,7130000,25224350,3.5377769985974754
763,1072,DONGFANG ELEC    HKD  ,5849600,80054624,13.685486870897156
764,1073,CHINA AGROTECH   HKD   ,1872000,632100,0.33766025641025643
765,1075,CAPINFO          HKD   ,5484000,1659930,0.30268599562363241
766,1076,FIRST NATURAL    HKD   ,1365000,840650,0.61586080586080583
767,1079,PINE TECH        HKD   ,246000,24900,0.10121951219512196
768,1082,MODERN EDU       HKD   ,6014000,1377336,0.22902161622879946
769,1083,TOWNGAS CHINA    HKD   ,6051000,43991355,7.2700966782350021
770,1086,GOODBABY INTL    HKD   ,5770000,26377825,4.5715467937608318
771,1087,HL TECHNOLOGY    HKD   ,149000,129630,0.87
772,1088,CHINA SHENHUA    HKD  ,18471694,531065148,28.750213597085356
773,1090,DA MING INT'L    HKD   ,30000,37500,1.25
774,1091,CITIC DAMENG     HKD   ,317563,240324,0.75677582086074258
775,1093,CSPC PHARMA      HKD   ,3916000,13030900,3.3276046986721144
776,1096,ACTIVE GROUP     HKD   ,3770000,3665260,0.97221750663129969
777,1097,I-CABLE COMM     HKD   ,2537000,971665,0.38299763500197082
778,1098,ROAD KING INFRA  HKD   ,608000,4452640,7.3234210526315788
779,1099,SINOPHARM        HKD  ,4110808,110753790,26.942097514649188
780,1101,CH RONGSHENG     HKD   ,21833832,28576171,1.3088023668955591
781,1102,ENVIRO ENERGY    HKD   ,1886000,318624,0.16894167550371156
782,1103,SHANGHAI TONVA   HKD   ,5496000,3409120,0.62029112081513826
783,1104,APAC RESOURCES   HKD   ,6540000,1022720,0.15637920489296636
784,1105,SING TAO         HKD   ,848000,985160,1.1617452830188679
785,1106,SINO HAIJING     HKD   ,65960000,16150450,0.24485218314129775
786,1108,LUOYANG GLASS    HKD   ,132000,224820,1.7031818181818181
787,1109,CHINA RES LAND   HKD  ,7690704,168574278,21.919225860207337
788,1110,KINGWORLD        HKD   ,340000,449360,1.3216470588235294
789,1111,CHONG HING BANK  HKD  ,216900,3829136,17.653923467035501
790,1112,BIOSTIME         HKD  ,501167,20934644,41.771792635987602
791,1114,BRILLIANCE CHI   HKD  ,9090694,93507245,10.286040317713917
792,1115,TIBET 5100       HKD   ,1378000,3163225,2.2955188679245282
793,1117,CH MODERN D      HKD   ,1756000,4306355,2.4523661731207289
794,1118,GOLIK HOLDINGS   HKD   ,160000,120000,0.75
795,1121,BAOFENGMODERN    HKD   ,952000,1090420,1.1453991596638655
796,1122,QINGLING MOTORS  HKD   ,1008000,2106520,2.0898015873015874
797,1123,CHINA-HK PHOTO   HKD   ,402000,277660,0.69069651741293536
798,1124,COASTAL GL       HKD   ,686000,332540,0.48475218658892127
799,1125,LAI FUNG HOLD    HKD   ,7376000,1548120,0.20988611713665944
800,1126,DREAM INT'L      HKD   ,23651000,26600950,1.1247283412963511
801,1127,1010 PRINTING    HKD   ,45000,35910,0.79800000000000004
802,1128,WYNN MACAU       HKD  ,20601800,422175200,20.492151171256882
803,1129,WATER INDUSTRY   HKD   ,1440800,2030896,1.4095613548028874
804,1130,CHINAENVRES-NEW  HKD   ,130000,38290,0.29453846153846153
805,1131,AGRITRADE RES    HKD   ,75000,23600,0.31466666666666665
806,1132,ORANGE SKY G H   HKD   ,1950000,831400,0.42635897435897435
807,1133,HARBIN ELECTRIC  HKD   ,1667710,10888409,6.5289582721216517
808,1135,ASIA SATELLITE   HKD  ,555000,15532250,27.986036036036037
809,1136,TCC INT'L HOLD   HKD   ,6341000,13053820,2.058637438889765
810,1137,HKTV             HKD   ,7326000,18845430,2.5724037674037672
811,1138,CHINA SHIP DEV   HKD   ,13220566,51971088,3.9310788963195678
812,1140,OP FIN INV       HKD   ,20000,12400,0.62
813,1141,POLY CAPITAL     HKD   ,852400,93354,0.10951900516189582
814,1143,TELEFIELD        HKD   ,250000,101220,0.40488000000000002
815,1146,CH OUTFITTERS    HKD   ,298000,425120,1.4265771812080537
816,1148,POWER XINCHEN    HKD   ,8968000,20735990,2.3122201159678859
817,1149,ANXIN-CHINA      HKD   ,8004000,13983800,1.7471014492753623
818,1150,MILAN STATION    HKD   ,444000,208510,0.46961711711711712
819,1155,CENTRON TELECOM  HKD   ,349800,287256,0.82120068610634644
820,1157,ZOOMLION         HKD   ,10100763,94820791,9.3874879551178463
821,1161,WATER OASIS GP   HKD   ,5960000,3456300,0.57991610738255028
822,1163,DEJIN RES        HKD   ,160450,62357,0.38863820504830165
823,1164,CGN MINING       HKD   ,525000,386200,0.73561904761904762
824,1165,SHUNFENG PV      HKD   ,6926000,6979200,1.0076812012705747
825,1166,SOLARTECH INT'L  HKD   ,530130,250708,0.47291796351838228
826,1168,SINOLINK HOLD    HKD   ,686000,446920,0.6514868804664723
827,1169,HAIER ELEC       HKD  ,4207503,51574611,12.257771652212726
828,1170,KINGMAKER        HKD   ,46000,63800,1.3869565217391304
829,1171,YANZHOU COAL     HKD  ,17298104,186167676,10.762316841198318
830,1172,MIDAS INT'L      HKD   ,20000,4040,0.20200000000000001
831,1174,PACIFIC ANDES    HKD   ,2757328,1064164,0.38594030162534165
832,1176,ZHUGUANG HOLD    HKD   ,214000,369440,1.7263551401869159
833,1177,SINO BIOPHARM    HKD   ,18983999,103075590,5.4296036361990963
834,1180,PARADISE ENT     HKD   ,17983000,1961394,0.10906934326864261
835,1181,TANG PALACE      HKD   ,134000,208380,1.5550746268656717
836,1182,C Y FOUNDATION   HKD   ,350000,36780,0.10508571428571428
837,1183,ALLIEDPPT W1606  HKD   ,1240000,102340,0.082532258064516126
838,1184,S.A.S. DRAGON    HKD   ,92000,165720,1.8013043478260871
839,1185,CHINA ENERGINE   HKD   ,1360000,499470,0.36725735294117645
840,1186,CHINA RAIL CONS  HKD   ,11820000,85225567,7.2102848561759734
841,1188,HYBRID KINETIC   HKD   ,124000,13570,0.10943548387096774
842,1190,BOLINA           HKD   ,3638000,9712220,2.6696591533809784
843,1191,YUESHOU ENV      HKD   ,78006800,1035336,0.013272381382135916
844,1193,CHINA RES GAS    HKD  ,3722000,80209375,21.550073885008061
845,1194,C PRECIOUSMETAL  HKD   ,3564800,4996470,1.4016129937163375
846,1195,KINGWELL GROUP   HKD   ,3672000,3149640,0.85774509803921573
847,1198,ROYALE FURN      HKD   ,1770125,1177918,0.66544340088976772
848,1199,COSCO PACIFIC    HKD  ,5184540,58994390,11.378905360938482
849,1200,MIDLAND HOLDING  HKD   ,2375000,7961620,3.352261052631579
850,1201,KITH HOLDINGS    HKD   ,28000,24640,0.88
851,1203,GUANGNAN (HOLD)  HKD   ,100000,95110,0.95109999999999995
852,1205,CITIC RESOURCES  HKD   ,2246700,2357455,1.049296746339075
853,1206,TECHNOVATOR      HKD   ,562000,1009880,1.7969395017793595
854,1208,MMG              HKD   ,2004000,6088540,3.0381936127744509
855,1210,CHRISTINE        HKD   ,774000,1054720,1.3626873385012921
856,1211,BYD COMPANY      HKD  ,2566500,64452312,25.112921098772649
857,1212,LIFESTYLE INT'L  HKD  ,1292000,22282680,17.246656346749226
858,1215,KAI YUAN HLDGS   HKD   ,730000,141530,0.19387671232876713
859,1217,CH INNOVATION    HKD   ,944000,23624,0.02502542372881356
860,1220,ZHIDAO INT'L     HKD   ,390000,57720,0.14799999999999999
861,1221,SINO HOTELS      HKD   ,2271,5936,2.6138265081461909
862,1222,WANG ON GROUP    HKD   ,5440000,644860,0.11854044117647058
863,1223,SYMPHONY HOLD    HKD   ,105000,31400,0.29904761904761906
864,1224,C C LAND         HKD   ,4910596,11348786,2.3110811803699591
865,1225,LERADO GROUP     HKD   ,144000,138600,0.96250000000000002
866,1227,NATIONAL INV     HKD   ,140000,67850,0.48464285714285715
867,1228,SUPERB SUMMIT    HKD   ,9460000,2888475,0.30533562367864692
868,1230,YASHILI INT'L    HKD   ,8491000,22935020,2.7010976327876577
869,1231,NEWTON RES       HKD   ,820000,640880,0.78156097560975613
870,1232,GW TIANDI        HKD   ,1052000,1436340,1.3653422053231938
871,1234,CHINA LILANG     HKD   ,781000,3810700,4.8792573623559541
872,1235,TRAVEL EXPERT    HKD   ,180000,110300,0.61277777777777775
873,1236,QIANLONG TECH    HKD   ,208000,173120,0.8323076923076923
874,1237,MERRY GARDEN     HKD   ,2866000,4279120,1.4930635031402653
875,1238,POWERLONG        HKD   ,2030000,3671730,1.8087339901477832
876,1239,JIN BAO BAO H    HKD   ,144000,116520,0.8091666666666667
877,1240,SUNLEY HLDGS     HKD   ,3877500,9003850,2.3220760799484204
878,1251,SPT ENERGY       HKD   ,13538000,51190690,3.7812594179347023
879,1252,CHINA TIANRUI    HKD   ,205000,447250,2.1817073170731707
880,1259,PRINCE FROG      HKD   ,13876000,53419358,3.8497663591813205
881,1260,WONDERFUL SKY    HKD   ,54000,49900,0.92407407407407405
882,1262,LABIXIAOXIN      HKD   ,5216000,19743205,3.7851236579754599
883,1265,TIANJINJINRAN    HKD   ,5100000,14202200,2.7847450980392159
884,1266,XIWANG STEEL     HKD   ,774000,870360,1.1244961240310078
885,1269,CHINA VEH COM    HKD   ,390000,617800,1.5841025641025641
886,1277,KINETIC M&amp;E      HKD   ,102000,60680,0.59490196078431368
887,1278,CHINANEWTOWN     HKD   ,11152119,6850307,0.61426057236297427
888,1280,HUIYIN APP       HKD   ,1648000,465700,0.28258495145631068
889,1281,KAI SHI CHINA    HKD   ,12000,23400,1.95
890,1282,WWTT             HKD   ,1236000,245344,0.19849838187702265
891,1288,ABC              HKD   ,114734752,437151998,3.8101097564580955
892,1293,BAOXIN AUTO      HKD   ,2778500,18871302,6.7919028252654314
893,1296,GUODIAN TECH     HKD   ,3265000,8307035,2.5442679938744259
894,1298,TECHCOMP         HKD   ,2000,3000,1.5
895,1299,AIA              HKD  ,22269630,756138377,33.953791643597135
896,1300,TRIGIANT         HKD   ,2391000,5083780,2.1262149728147217
897,1303,HUILI RES        HKD   ,3106000,6663980,2.145518351577592
898,1308,SITC             HKD   ,552000,1656170,3.0003079710144926
899,1312,ALLIED CEMENT    HKD   ,72000,57600,0.80000000000000004
900,1313,CHINARES CEMENT  HKD   ,6045000,27013750,4.4687758478081054
901,1314,TSUI WAH HLDG    HKD   ,1638000,6438260,3.9305616605616605
902,1315,VISION FAME      HKD   ,3936000,6030420,1.5321189024390245
903,1318,GREENS HOLDINGS  HKD   ,448000,181710,0.40560267857142857
904,1319,OIWAHPAWN        HKD   ,2808000,3581480,1.2754558404558405
905,1322,CW GROUP HOLD    HKD   ,2404000,4483120,1.8648585690515807
906,1323,NEWTREE GROUP    HKD   ,5742000,11414780,1.9879449669104841
907,1329,JUDA INTL        HKD   ,1622000,2506820,1.5455117139334156
908,1332,QUALIPAK         HKD   ,158550,103598,0.65340901923683381
909,1333,CHINA ZHONGWANG  HKD   ,1331600,3562398,2.675276359267047
910,1335,SHEEN TAI        HKD   ,2302000,4192920,1.8214248479582971
911,1336,NCI              HKD  ,2505160,66327542,26.476369573200913
912,1338,BAWANG GROUP     HKD   ,14576000,6245920,0.42850713501646542
913,1339,PICC GROUP       HKD   ,104959000,430419240,4.1008321344525003
914,1348,QUALI-SMART      HKD   ,268000,246880,0.92119402985074628
915,1350,HKRH W1801       HKD   ,2424000,193488,0.079821782178217823
916,1361,361 DEGREES      HKD   ,1850000,4178610,2.2587081081081082
917,1366,JIANGNAN GP      HKD   ,952000,1310980,1.3770798319327731
918,1368,XTEP INT'L       HKD   ,497000,1497714,3.0135090543259557
919,1378,CHINAHONGQIAO    HKD   ,4295000,16638995,3.8740384167636788
920,1382,PACIFICTEXTILES  HKD   ,1131100,9356600,8.2721244805941119
921,1383,SUNCENTURY GP    HKD   ,1601400,634068,0.39594604720869242
922,1386,WALKER GROUP     HKD   ,44000,16000,0.36363636363636365
923,1387,RENHE COMM       HKD   ,27310000,13077210,0.47884328084950567
924,1388,EMBRY HOLDINGS   HKD   ,213000,884510,4.1526291079812205
925,1393,HIDILI INDUSTRY  HKD   ,6746580,12315895,1.8255019580291052
926,1398,ICBC             HKD   ,181502542,988755123,5.4476103315401501
927,1399,SCUD GROUP       HKD   ,240000,86300,0.35958333333333331
928,1428,BRIGHT SMART     HKD   ,198000,180760,0.91292929292929292
929,1488,L&amp;M HANDBAGS     HKD   ,4058000,5061300,1.2472400197141449
930,1555,MIE HOLDINGS     HKD   ,2274000,4691220,2.0629815303430079
931,1600,TIAN LUN GAS     HKD   ,160500,906165,5.6458878504672896
932,1613,SYNERTONE        HKD   ,72000,34080,0.47333333333333333
933,1618,MCC              HKD   ,1448000,2192060,1.5138535911602209
934,1623,HILONG           HKD   ,2258000,7411666,3.2824030115146146
935,1628,YUZHOU PPT       HKD   ,3763200,7194599,1.9118300914115647
936,1633,MAGIC HOLDINGS   HKD   ,826504,2628904,3.1807516963015301
937,1638,KAISA GROUP      HKD   ,6903000,15151040,2.1948486165435317
938,1666,TONG REN TANG    HKD  ,770000,20468000,26.581818181818182
939,1668,CHINASOUTHCITY   HKD   ,5592000,7258320,1.2979828326180258
940,1682,FORD GLORY GP    HKD   ,64000,62640,0.97875000000000001
941,1685,BOER POWER       HKD   ,1557000,7154740,4.5952087347463069
942,1699,PUTIAN FOOD      HKD   ,208000,198680,0.95519230769230767
943,1700,SPRINGLAND       HKD   ,2033000,8196832,4.0318898180029512
944,1708,SAMPLE TECH      HKD   ,1000,9650,9.6500000000000004
945,1728,ZHENGTONGAUTO    HKD   ,5689500,30193067,5.3068049916512878
946,1733,WINSWAY          HKD   ,2976000,2880680,0.96797043010752692
947,1766,CSR              HKD   ,14273000,78386204,5.4919220906606876
948,1768,SATERI           HKD   ,893500,1456150,1.6297146054840514
949,1777,FANTASIA         HKD   ,5380500,6378930,1.1855645386116531
950,1788,GUOTAI JUNAN I   HKD   ,3109000,11057875,3.5567304599549696
951,1798,DATANG RENEW     HKD   ,6791000,9981930,1.4698763068767486
952,1800,CHINA COMM CONS  HKD   ,61951524,437355027,7.0596330608428612
953,1803,ASR HOLDINGS     HKD   ,100000,211475,2.1147499999999999
954,1812,CHENMING PAPER   HKD   ,243000,701865,2.8883333333333332
955,1813,KWG PROPERTY     HKD   ,6400460,30369492,4.744892085881327
956,1818,ZHAOJIN MINING   HKD  ,5390500,56565670,10.493585010666914
957,1822,PERCEPTIONDIGIT  HKD   ,375000,48765,0.13003999999999999
958,1828,DCH HOLDINGS     HKD   ,2204000,16067380,7.2900998185117967
959,1829,CMEC             HKD   ,4180000,25698935,6.1480705741626798
960,1830,PERFECT SHAPE    HKD   ,16000,8480,0.53000000000000003
961,1831,SHIFANG HLDG     HKD   ,177000,70455,0.39805084745762714
962,1833,INTIME           HKD   ,6746607,60183957,8.9206258790529809
963,1836,STELLA HOLDINGS  HKD  ,323000,7625975,23.609829721362228
964,1838,CHINAPROPERTIES  HKD   ,256000,551990,2.1562109375
965,1866,CHINA XLX FERT   HKD   ,9000,20880,2.3199999999999998
966,1868,NEO-NEON         HKD   ,3502000,6189220,1.7673386636207882
967,1878,SOUTHGOBI-S      HKD  ,77100,1198538,15.545239948119326
968,1880,BELLE INT'L      HKD  ,22846500,300002685,13.131231698509618
969,1881,REGAL REIT       HKD   ,3493000,8507850,2.4356856570283423
970,1882,HAITIAN INT'L    HKD  ,7256000,82545136,11.376121278941566
971,1883,CITIC TELECOM    HKD   ,2596000,7424950,2.8601502311248073
972,1886,HUIYUAN JUICE    HKD   ,4555500,17732017,3.8924414444078588
973,1888,KB LAMINATES     HKD   ,3055586,10355323,3.3889810334253396
974,1889,WUYI PHARMA      HKD   ,910000,319762,0.3513868131868132
975,1893,SINOMA           HKD   ,5507000,11562830,2.0996604321772292
976,1898,CHINA COAL       HKD   ,25267251,177281024,7.0162371047012595
977,1899,XINGDA INT'L     HKD   ,6263139,15604979,2.491558785458857
978,1900,CHINA ITS        HKD   ,1989000,2653830,1.3342533936651584
979,1910,SAMSONITE        HKD  ,9553074,186975813,19.572319129947072
980,1913,PRADA            HKD  ,1017728,80733592,79.327278015343978
981,1918,SUNAC            HKD   ,28306000,159288953,5.627391825054759
982,1919,CHINA COSCO      HKD   ,4092500,15728130,3.8431594379963347
983,1928,SANDS CHINA LTD  HKD  ,15198375,614076071,40.404061026261033
984,1929,CHOW TAI FOOK    HKD  ,3969500,42025422,10.587082000251922
985,1938,CHU KONG PIPE    HKD   ,4676000,17919475,3.8322230538922155
986,1966,CHINA SCE PPT    HKD   ,349000,666640,1.9101432664756448
987,1968,PEAK SPORT       HKD   ,1420000,1833080,1.2909014084507042
988,1972,SWIREPROPERTIES  HKD  ,3251545,88184610,27.120833326926125
989,1988,MINSHENG BANK    HKD  ,29909784,320187947,10.705124015606398
990,1991,TA YANG GROUP    HKD   ,56000,26330,0.47017857142857145
991,1997,RMIH             HKD   ,516000,785920,1.5231007751937984
992,1998,FLYKE INT'L      HKD   ,422000,204840,0.48540284360189573
993,1999,MAN WAH HLDGS    HKD   ,2287400,16828958,7.3572431581708493
994,2000,SIM TECH         HKD   ,4588000,1350410,0.29433522231909326
995,2002,SUNSHINE PAPER   HKD   ,622500,558185,0.89668273092369477
996,2005,LIJUN INT'L      HKD   ,1770000,4160330,2.3504689265536722
997,2006,JINJIANG HOTELS  HKD   ,734000,1004420,1.3684196185286104
998,2007,COUNTRY GARDEN   HKD   ,16907459,67667731,4.002241318461869
999,2008,PHOENIX TV       HKD   ,14806000,42222210,2.8516959340807779
1000,2009,BBMG             HKD   ,6392000,40190675,6.2876525344180223
1001,2010,REAL NUTRI       HKD   ,6320000,13230920,2.0935000000000001
1002,2011,KEE              HKD   ,50000,25000,0.5
1003,2012,SUNSHINE OIL     HKD   ,4295500,9137605,2.1272506111046443
1004,2018,AAC TECH         HKD  ,8645038,310057698,35.865394460961305
1005,2020,ANTA SPORTS      HKD   ,3023000,20038502,6.6286807806814423
1006,2028,JOLIMARK         HKD   ,476000,430800,0.90504201680672269
1007,2033,TIME WATCH       HKD   ,8788000,8283800,0.94262630860263996
1008,2038,FIH              HKD   ,9732844,28610925,2.9396263825866313
1009,2039,CIMC             HKD  ,475000,6395990,13.465242105263158
1010,2068,CHALIECO         HKD   ,20000,80000,4.0
1011,2078,PANASIALUM       HKD   ,3054010,6352000,2.0798884090097935
1012,2083,CHINAFLOORING    HKD   ,726000,1141870,1.5728236914600551
1013,2088,XIWANG SUGAR     HKD   ,638000,495160,0.77611285266457686
1014,2098,ZALL DEV         HKD   ,1044000,3107980,2.9769923371647509
1015,2099,CHINAGOLDINTL    HKD  ,66900,1878830,28.084155455904334
1016,2118,TIAN SHAN DEV    HKD   ,1528000,2922720,1.9127748691099475
1017,2121,FIRST CHEM       HKD   ,399000,662240,1.659749373433584
1018,2123,GOLDEN SHIELD    HKD   ,848000,284980,0.33606132075471701
1019,2128,CHINA LIANSU     HKD   ,4426000,20086240,4.5382376863985536
1020,2133,CH POLYMETAL     HKD   ,105000,142800,1.3600000000000001
1021,2168,YINGDE GASES     HKD   ,2026000,18104575,8.9361179664363277
1022,2178,PETRO-KING       HKD   ,2426000,11017166,4.5412885408079147
1023,2188,TITANS ENERGY    HKD   ,20000,9300,0.46500000000000002
1024,2196,FOSUN PHARMA     HKD  ,9754400,134889175,13.828546604609201
1025,2198,CHINA SANJIANG   HKD   ,1621000,6150810,3.7944540407156078
1026,2200,HOSA INT'L       HKD   ,1616000,4183680,2.588910891089109
1027,2208,GOLDWIND         HKD   ,5196000,24068626,4.6321451116243262
1028,2218,ANDRE JUICE      HKD   ,42900,128979,3.0065034965034965
1029,2222,NVC LIGHTING     HKD   ,15155000,26474780,1.746933685252392
1030,2223,CASABLANCA       HKD   ,3913000,8457140,2.1612931254791721
1031,2228,CECEP COSTIN     HKD   ,1254000,4142010,3.3030382775119618
1032,2233,WESTCHINACEMENT  HKD   ,14632000,19399680,1.3258392564242756
1033,2236,WISON ENGRG      HKD   ,617000,2317840,3.7566288492706645
1034,2238,GAC GROUP        HKD   ,5210295,33879370,6.5023899798379938
1035,2266,DORSETT          HKD   ,1343999,2977642,2.2155090889204532
1036,2268,YOUYUAN HLDGS    HKD   ,928000,2271110,2.4473168103448275
1037,2282,MGM CHINA        HKD  ,5004584,84694260,16.923336684927257
1038,2288,RYKADAN CAPITAL  HKD   ,52000,76450,1.4701923076923078
1039,2299,BILLION IND      HKD   ,858500,4438507,5.1700722189866042
1040,2300,AMVIG HOLDINGS   HKD   ,416000,1213480,2.9170192307692306
1041,2302,CNNC INT'L       HKD   ,25000,50250,2.0099999999999998
1042,2307,KAM HING INT'L   HKD   ,292000,208520,0.71410958904109589
1043,2310,FOREBASE INTL    HKD   ,208000,246280,1.1840384615384616
1044,2312,CH FIN LEASING   HKD   ,538000,70850,0.13169144981412639
1045,2313,SHENZHOU INTL    HKD  ,2255000,48622525,21.56209534368071
1046,2314,LEE &amp; MAN PAPER  HKD   ,3116800,18995837,6.0946602284394249
1047,2317,VEDAN INT'L      HKD   ,1408000,741000,0.52627840909090906
1048,2318,PING AN          HKD  ,11976305,724673876,60.508969669693613
1049,2319,MENGNIU DAIRY    HKD  ,8984300,194098060,21.604138330198236
1050,2322,NOBLE CENTURY    HKD   ,220000,56350,0.25613636363636366
1051,2324,CAPITAL VC       HKD   ,14390000,1128720,0.078437804030576791
1052,2326,BEP INT'L HOLD   HKD   ,100000,11800,0.11799999999999999
1053,2328,PICC P&amp;C         HKD  ,33555047,341567503,10.179318270661341
1054,2330,CHINA UPTOWN     HKD   ,2232000,967200,0.43333333333333335
1055,2331,LI NING          HKD   ,4218788,19692297,4.6677616889021207
1056,2333,GREATWALL MOTOR  HKD  ,11127656,302810175,27.212395404746516
1057,2336,SUNLINK INT'L    HKD   ,1970000,509050,0.2584010152284264
1058,2338,WEICHAI POWER    HKD  ,3165606,82860504,26.175242275886514
1059,2340,SYNERGIS HOLD    HKD   ,4460,3911,0.87690582959641261
1060,2341,ECOGREEN         HKD   ,2486000,3782680,1.5215929203539822
1061,2342,COMBA            HKD   ,14240427,38905617,2.7320541020293843
1062,2343,PACIFIC BASIN    HKD   ,3818000,17385080,4.5534520691461502
1063,2345,SHANGHAI PRIME   HKD   ,1084000,1122320,1.035350553505535
1064,2348,DAWNRAYS PHARMA  HKD   ,352000,696320,1.9781818181818183
1065,2349,WATER PROPERTY   HKD   ,592000,375920,0.63500000000000001
1066,2355,BAOYE GROUP      HKD   ,456000,2567940,5.6314473684210524
1067,2356,DAHSING BANKING  HKD  ,1663892,18013970,10.826405800376467
1068,2357,AVICHINA         HKD   ,28012000,107590984,3.8408890475510495
1069,2362,JINCHUAN INTL    HKD   ,3272000,5289970,1.6167389975550122
1070,2366,QJY MEDIA-NEW    HKD   ,231294,82639,0.35728985620033377
1071,2368,EAGLE NICE       HKD   ,340000,572960,1.6851764705882353
1072,2369,CHINA WIRELESS   HKD   ,54966000,140844552,2.5623940617836483
1073,2371,C ORI CULTURE    HKD   ,21540000,5651280,0.26236211699164347
1074,2380,CHINA POWER      HKD   ,7284000,18427477,2.5298568094453597
1075,2382,SUNNY OPTICAL    HKD   ,11256000,98060678,8.7118583866382373
1076,2383,TOM GROUP        HKD   ,163000,136880,0.83975460122699386
1077,2388,BOC HONG KONG    HKD  ,27604694,721877002,26.150516357833926
1078,2389,GENVON GROUP     HKD   ,824000,216552,0.26280582524271845
1079,2398,GOOD FRIEND      HKD   ,8000,20660,2.5825
1080,2488,LAUNCH TECH      HKD   ,58000,549165,9.4683620689655168
1081,2600,CHALCO           HKD   ,14645456,45795944,3.1269728986246657
1082,2601,CPIC             HKD  ,7159152,187165078,26.1434703439737
1083,2607,SH PHARMA        HKD  ,1265500,21130260,16.697163176610037
1084,2618,TCL COMM         HKD   ,599640,1386359,2.3119855246481222
1085,2623,CH ZHONGSHENG    HKD   ,36000,93640,2.6011111111111109
1086,2626,HNC              HKD   ,12890000,31176160,2.4186314972847169
1087,2628,CHINA LIFE       HKD  ,45428549,942502780,20.746926783860079
1088,2662,FITTEC           HKD   ,154000,40310,0.26175324675324674
1089,2678,TEXHONG TEXTILE  HKD   ,410000,3084460,7.5230731707317071
1090,2688,ENN ENERGY       HKD  ,4223000,179324522,42.463775041439732
1091,2689,ND PAPER         HKD   ,11300400,84525770,7.4798918622349655
1092,2698,WEIQIAO TEXTILE  HKD   ,1515500,6526327,4.306385351369185
1093,2700,GREEN INTL HLDG  HKD   ,5160000,1044200,0.20236434108527132
1094,2722,CHONGQING M&amp;E    HKD   ,4882000,5517500,1.1301720606308889
1095,2727,SH ELECTRIC      HKD   ,11822000,36338870,3.0738343765860261
1096,2728,SHINHINT         HKD   ,12000,4800,0.40000000000000002
1097,2777,R&amp;F PROPERTIES   HKD  ,9363600,120594480,12.879072151736512
1098,2778,CHAMPION REIT    HKD   ,10967909,44222805,4.032017862292621
1099,2789,YUANDA CHINA     HKD   ,1704000,1381980,0.81102112676056337
1100,2800,TRACKER FUND     HKD  ,12924886,294081745,22.753140337175896
1101,2801,ISHARES CHINA    HKD  ,55200,1086308,19.679492753623187
1102,2802,ISHARES EM ASIA  HKD  ,200,8540,42.700000000000003
1103,2819,ABF HK IDX ETF   HKD ,2000,205850,102.925
1104,2821,ABF PAIF         USD ,3320,430361,129.62680722891565
1105,2822,CSOP A50 ETF     HKD  ,59804800,628495618,10.509116626090213
1106,2823,X ISHARES A50    HKD  ,130818499,1415313972,10.81891309576943
1107,2824,LIPPO HK&amp;M PROP  HKD  ,7800,315910,40.501282051282054
1108,2827,X WISECSI300ETF  HKD  ,1015800,28638740,28.193286079936996
1109,2828,HS H-SHARE ETF   HKD ,3338083,368312522,110.33653806690846
1110,2829,X ISHARES A FIN  HKD  ,6000,70030,11.671666666666667
1111,2833,HS HSI ETF       HKD ,4500,1022680,227.26222222222222
1112,2836,ISHARES INDIA    HKD  ,721400,11006100,15.256584419184918
1113,2839,WISE HKLMREAL    HKD   ,1000,6520,6.5199999999999996
1114,2840,SPDR GOLD TRUST  HKD,9630,11546060,1198.9678089304257
1115,2841,X ISHARES A STA  HKD  ,2200,37668,17.121818181818181
1116,2844,X DBCSI300FIN    HKD   ,520600,5187872,9.9651786400307341
1117,2846,X ISHARESCSI300  HKD  ,1000,22250,22.25
1118,2866,CSCL             HKD   ,21009000,46001910,2.1896287305440527
1119,2868,BJ CAPITAL LAND  HKD   ,3006000,8847140,2.9431603459747171
1120,2877,SHINEWAY PHARM   HKD  ,1134000,15786360,13.920952380952381
1121,2878,SOLOMON SYSTECH  HKD   ,1098000,230786,0.21018761384335155
1122,2880,DALIAN PORT      HKD   ,2782000,4998680,1.7967936736161034
1123,2882,HKRH             HKD   ,9369104,1782110,0.1902113585247853
1124,2883,CHINA OILFIELD   HKD  ,10802287,177016359,16.386933526206072
1125,2888,STANCHART        HKD ,249130,50265959,201.76598161602377
1126,2889,CNR HOLDINGS     HKD   ,3224000,1641120,0.50903225806451613
1127,2899,ZIJIN MINING     HKD   ,17836294,46127764,2.5861742355222446
1128,2984,AMCO UNITED      HKD   ,303800,61013,0.20083278472679394
1129,2985,ICUBE TECH       HKD   ,138000,27600,0.20000000000000001
1130,2986,HAITONG INT RTS  HKD   ,4612139,3123557,0.67724693466523889
1131,3001,X ISHARES A DIS  HKD  ,2000,28880,14.44
1132,3002,POLARISTAIWAN50  HKD  ,3000,33300,11.1
1133,3006,X ISHARES A INF  HKD   ,2000,19600,9.8000000000000007
1134,3010,ISHARES APEX 50  HKD  ,200,7970,39.850000000000001
1135,3020,X DBMSCIUSA      HKD ,2385,713718,299.25283018867924
1136,3029,X XIE MALAY      HKD   ,21300,183096,8.5960563380281698
1137,3039,X ISHARES A MAT  HKD   ,100,963,9.6300000000000008
1138,3041,VALUE KOREA ETF  HKD  ,700,20055,28.649999999999999
1139,3046,VALUE CHINA ETF  HKD  ,400,14970,37.424999999999997
1140,3049,X DBCSI300       HKD   ,1874700,11789223,6.2885917746839493
1141,3057,X DBCSI300HEAL   HKD  ,35000,489800,13.994285714285715
1142,3061,X DBCSI300BANK   HKD  ,49000,503340,10.272244897959183
1143,3070,PING AN HKDIV    HKD  ,300,6735,22.449999999999999
1144,3072,PING AN HKMID    HKD  ,3000,66000,22.0
1145,3081,VALUE GOLD ETF   HKD  ,31100,1225465,39.404019292604502
1146,3084,VALUE JAPAN ETF  HKD  ,115500,1400610,12.126493506493507
1147,3087,X DBFTSEVIET     HKD ,10270,2034676,198.11840311587147
1148,3100,EFUND CSI100     HKD  ,286100,8739235,30.546085284865431
1149,3117,ETFS SILVER      HKD ,1010,224238,222.01782178217823
1150,3118,HGI MSCI CN A    HKD  ,122800,1335204,10.87299674267101
1151,3119,ETFS PLATINUM    HKD,2,2446,1223.0
1152,3188,CAM CSI300       HKD  ,4610400,146906670,31.864191827173347
1153,3300,CHINA GLASS      HKD   ,2324000,2604560,1.120722891566265
1154,3303,JUTAL OIL SER    HKD   ,26960000,54650820,2.0271075667655785
1155,3308,GOLDEN EAGLE     HKD  ,3477000,48366938,13.910537244751222
1156,3311,CHINA STATE CON  HKD  ,1956404,20770426,10.616634396576575
1157,3322,WIN HANVERKY     HKD   ,1192000,1118940,0.93870805369127519
1158,3323,CNBM             HKD  ,63960278,642150755,10.039836834355222
1159,3328,BANKCOMM         HKD   ,16570931,100241732,6.049251668478977
1160,3330,LINGBAO GOLD     HKD   ,155000,452690,2.9205806451612903
1161,3331,VINDA INT'L      HKD  ,6410000,70466560,10.993223088923557
1162,3333,EVERGRANDE       HKD   ,329378506,1051924860,3.1936657700426876
1163,3335,DBA TELECOM      HKD   ,144000,655920,4.5549999999999997
1164,3336,JU TENG INTL     HKD   ,5661001,27320958,4.8261708485831392
1165,3337,ANTON OILFIELD   HKD   ,19198000,105022350,5.4704839045733928
1166,3339,LONKING          HKD   ,11737000,20318010,1.7311076084178241
1167,3344,ADDCHANCE        HKD   ,1362000,1451100,1.0654185022026432
1168,3355,ASMC             HKD   ,804000,269330,0.33498756218905473
1169,3360,FE HORIZON       HKD   ,8246000,43683310,5.2975151588649041
1170,3363,ZHENGYE INT'L    HKD   ,282000,200700,0.71170212765957441
1171,3366,OCT (ASIA)       HKD   ,94000,362720,3.8587234042553193
1172,3368,PARKSON GROUP    HKD   ,4945000,23277797,4.7073401415571281
1173,3377,SINO-OCEAN LAND  HKD   ,12262125,57480268,4.6876269814571287
1174,3378,XIAMEN PORT      HKD   ,1216000,1292520,1.0629276315789473
1175,3382,TIANJINPORT DEV  HKD   ,2977018,3435811,1.1541115975785166
1176,3383,AGILE PROPERTY   HKD   ,14786000,137095128,9.2719550926552152
1177,3389,HENGDELI         HKD   ,30017000,65688510,2.1883769197454774
1178,3393,WASION GROUP     HKD   ,1480000,6847140,4.6264459459459459
1179,3398,CHINA TING       HKD   ,13789372,6781237,0.49177272177442166
1180,3399,GD NY LOGISTICS  HKD   ,50000,90110,1.8022
1181,3618,CQRC BANK        HKD   ,9212000,39567177,4.2951777029960923
1182,3633,ZHONGYU GAS      HKD   ,1527000,4193760,2.7464047151277016
1183,3663,XIEZHONG INTL    HKD   ,56000,53200,0.94999999999999996
1184,3666,XIAO NAN GUO     HKD   ,550000,739880,1.3452363636363636
1185,3669,YONGDA AUTO      HKD   ,130000,1050397,8.0799769230769236
1186,3683,GREAT HARVEST    HKD   ,35000,41350,1.1814285714285715
1187,3688,TOP SPRING       HKD   ,204500,1159715,5.6709779951100243
1188,3777,C FIBER OPTIC    HKD   ,14592000,16822560,1.1528618421052632
1189,3778,CHINA WEAVING    HKD   ,116000,100280,0.86448275862068968
1190,3788,CHINA HANKING    HKD   ,51000,96920,1.9003921568627451
1191,3800,GCL-POLY ENERGY  HKD   ,77561295,126134385,1.6262542418870134
1192,3808,SINOTRUK         HKD   ,1082500,4728655,4.3682725173210164
1193,3813,POU SHENG INT'L  HKD   ,164000,79335,0.48375000000000001
1194,3816,KFM KINGDOM      HKD   ,2268000,3099520,1.36663139329806
1195,3818,CHINA DONGXIANG  HKD   ,14600000,17485495,1.1976366438356165
1196,3823,TECH PRO         HKD   ,3708000,10987320,2.9631391585760518
1197,3828,MING FAI INT'L   HKD   ,100000,82010,0.82010000000000005
1198,3833,XINXIN MINING    HKD   ,1443000,2409560,1.6698267498267498
1199,3838,CHINA STARCH     HKD   ,1650000,367040,0.22244848484848484
1200,3883,CHINA AOYUAN     HKD   ,9550000,16112570,1.6871801047120418
1201,3886,TOWN HEALTH      HKD   ,6455940,3718161,0.57592867963456906
1202,3888,KINGSOFT         HKD   ,7379000,52092589,7.059572977368207
1203,3889,GLOBAL SWEET     HKD   ,86000,50900,0.5918604651162791
1204,3898,CSR TIMES ELEC   HKD  ,2878000,65095954,22.618469075747047
1205,3899,CIMC ENRIC       HKD   ,2110000,18796800,8.9084360189573459
1206,3900,GREENTOWN CHINA  HKD  ,7715794,109040273,14.132087118966629
1207,3918,NAGACORP         HKD   ,3988454,25696288,6.4426687633855124
1208,3933,UNITED LAB       HKD   ,2659505,9354122,3.5172417423543103
1209,3939,WANGUO MINING    HKD   ,582000,1363380,2.3425773195876287
1210,3948,YITAI COAL       HKD  ,832740,36061467,43.304593270408532
1211,3968,CM BANK          HKD  ,14639742,251066563,17.149657623747739
1212,3983,CHINA BLUECHEM   HKD   ,4308795,20791425,4.8253456012643907
1213,3988,BANK OF CHINA    HKD   ,519041793,1881642861,3.6252241849819598
1214,3989,NEW ENV ENERGY   HKD   ,3098400,840048,0.27112316034082107
1215,3993,CMOC             HKD   ,7567000,26408940,3.4900145368045461
1216,3998,BOSIDENG         HKD   ,5360000,13163990,2.4559682835820897
1217,3999,DACHAN FOOD      HKD   ,230000,260710,1.1335217391304349
1218,4208,HKGB IBOND 1407  HKD ,15800,1626680,102.95443037974684
1219,4214,HKGB IBOND 1506  HKD ,203000,21524625,106.0326354679803
1220,6030,CITIC SEC        HKD  ,7954494,138456161,17.406029975005325
1221,6210,VALE COMMON-DRS  HKD ,1000,134800,134.80000000000001
1222,6808,SUNART RETAIL    HKD  ,8254000,88013515,10.66313484371214
1223,6823,HKT-SS           HKD   ,4647214,35297845,7.5954851659510405
1224,6828,C PRINT POWER    HKD   ,862000,1352260,1.5687470997679815
1225,6830,HUAZHONG HLDG    HKD   ,6090000,8080260,1.326807881773399
1226,6837,HAITONG SEC      HKD  ,11322896,125196146,11.056901520600384
1227,6838,WINOX            HKD   ,986000,1065740,1.0808722109533468
1228,6868,TENFU            HKD   ,44000,183180,4.1631818181818181
1229,6880,OTO HOLDINGS     HKD   ,606000,414420,0.68386138613861391
1230,6883,MELCO CROWN      HKD  ,21300,1265550,59.41549295774648
